Temperature (Â°C),Pressure (hPa),Wind Speed (m/s),Altitude (m),Descent Rate (m/s),Velocity (m/s),Humidity (%)
29.03940532,538.1115578,44.1648906,8317.001511,47.80990835,260.1881004,66.68547548
41.81718318,377.715758,40.30925956,1819.371964,33.69170463,180.9763513,71.68256714
16.23679154,819.637892,6.262142674,28867.95832,43.7404626,31.96858416,38.42244596
-36.87180665,633.1172025,15.37516977,21182.82856,33.97828044,150.2420195,13.6473417
25.40298073,784.5397926,23.94483474,34256.43983,22.66440534,211.2037376,48.17256459
-4.920007988,677.9172911,14.1858062,33948.43159,26.3664017,212.234627,43.55846864
42.83576496,650.178685,10.2034251,18961.26265,18.53773804,273.3458972,38.26162674
25.42082348,521.1288822,42.26666455,25186.10873,21.87525459,224.9652844,8.591575765
39.66008623,1077.901559,19.6015874,11353.2077,30.5642093,125.5855642,65.22934711
28.67771133,533.477339,9.635730666,23253.44257,40.16689807,88.59759252,1.052222861
-47.56580659,367.2055487,10.07202414,25506.57736,12.70294958,165.9502118,28.57916386
-19.6318274,879.9801427,41.21921476,18703.72238,16.21911925,98.04879895,48.03174301
-33.81474761,598.8663476,9.571485984,4856.559918,13.06917322,131.1750077,15.69844254
-26.80928577,866.5714838,0.275890408,1710.332655,10.01569711,258.5808784,88.6078837
-15.22888591,969.107502,22.43458432,8096.200302,23.17165695,53.30379429,40.86423803
17.85534269,910.8669626,39.55318629,8184.349501,33.97014824,66.60948206,43.64374424
-34.52036638,808.9890006,17.69529933,16203.06258,34.87284007,231.3126669,8.199680685
-39.73090683,540.5090092,10.28002885,14104.43651,26.96022979,182.5542089,25.66673908
36.13574043,579.320137,28.59418427,37062.69408,10.87111528,141.0501887,58.73784708
-32.04199609,509.0592933,29.14134614,12240.80625,4.82465453,44.14615916,73.67788207
29.53133714,944.8914715,45.65220087,37836.57304,36.56709854,271.9476704,64.8836309
-43.51118618,871.3842569,35.11305806,16662.97429,32.62667283,266.4733328,77.79759031
44.30110894,352.3872448,26.00862489,22785.78076,22.77319885,273.9457777,22.98518741
-19.31351361,820.0563457,10.92322849,11009.08869,35.34978372,48.09701331,49.19805003
33.86552152,875.5921669,24.99104008,31693.73577,9.840448843,264.0759573,29.9174569
-10.01901165,683.0894085,40.87184124,34847.31949,17.70637584,46.70752756,96.41928727
-20.88258259,302.6760557,32.8220051,20232.69023,18.91299106,193.4731114,30.24849328
29.20721688,401.2650096,20.19587288,26944.12658,4.075375425,202.8316648,30.16715249
38.56159704,1098.842337,45.42461001,25988.98048,18.41166176,254.1512107,50.49473566
-16.13770628,744.0398887,38.35434478,39365.60709,17.38198303,111.8015499,90.15685658
15.00186112,735.5216302,11.97081117,32910.69757,9.307675516,3.979885659,87.52780029
8.576134083,567.0040164,39.23077814,39174.44373,13.72376876,297.4127776,0.617883702
36.76685794,578.2649913,26.3257637,31308.79932,49.88550037,155.5058913,42.49669297
2.557965261,513.3736953,44.5970782,11592.10251,26.01141332,195.3477182,34.20694791
-1.799631752,460.270408,40.54332474,21470.81163,47.97258413,111.2595552,60.18087053
33.07484734,590.8344446,16.02445982,15155.46439,35.11467919,0.960713834,87.30813023
-16.03214153,943.273087,42.81836302,26960.69477,38.23675596,113.172847,87.58741658
-5.848326633,666.131073,31.69952168,309.1329802,43.92753017,288.6959792,40.39784073
28.92680827,826.0649686,34.29952336,34245.76378,25.4864445,179.8131744,4.508879893
5.535145639,568.3862902,16.6867567,8201.311211,12.38568687,8.315985286,79.75591482
28.07114672,1080.910359,14.4541175,20935.46674,20.40938335,116.9834403,77.51507344
-35.98637934,465.3456633,39.40255317,33635.99994,7.515957994,261.604164,15.99689288
17.6097733,792.2811113,15.64199421,7427.724955,39.93738605,224.797952,21.77039744
1.225775469,961.3420309,26.09170352,39921.06829,19.33862648,11.37208048,3.502975337
13.8285643,608.9002204,48.93684842,5086.040997,25.72450352,188.3766117,0.833182336
47.58530377,617.6004268,6.256441066,36859.29552,43.66500446,7.774496767,95.20995528
-3.944714637,390.2040729,34.4316461,9377.09356,7.802145544,42.84352074,86.12205988
0.325389802,507.7364055,4.617154586,11765.33677,16.31953005,55.63542342,58.77192319
1.404325173,1084.71677,43.78892509,37003.20292,15.01649379,279.3506582,94.08658049
10.5197097,555.4553964,16.0097533,2153.491438,40.45760725,165.7327081,24.07242949
-36.42233983,363.3059368,45.41918167,9799.299333,28.72649411,279.0625186,9.849296722
-38.14112649,328.820943,12.11189419,30763.94129,42.00842895,297.0222636,50.84332567
-42.21371121,387.6652757,33.38855698,9405.360417,26.80547257,232.6019824,20.40388259
-12.7807894,302.0608486,39.49035186,30286.03372,32.5070758,22.21393431,3.275283503
-19.32918478,770.6121819,37.10580892,22325.762,38.6252848,87.0754903,87.15605262
19.45350257,438.0224524,3.038624905,38183.63244,29.36512198,54.71781963,97.20796345
-12.82488858,492.997094,30.89832479,30892.33848,24.59402045,272.903879,32.73855427
-43.55397629,668.1152494,9.916502102,16886.86251,16.43828075,200.7718021,8.187587482
12.55122066,632.4310702,3.242745492,32650.04158,40.48171138,202.8712335,55.22153449
13.11770587,633.6805438,44.57732282,24123.96169,43.3352369,225.5539403,12.98076092
9.062887958,464.3811133,14.98008696,5856.878711,1.771002184,260.6355639,24.20689765
-43.7610249,957.1119565,39.33292636,38916.23239,12.85543351,253.6124457,92.17616663
-48.03914555,817.3028403,42.35008691,33245.50827,38.89225122,284.9154771,95.84206175
-45.96811243,857.244902,18.39803447,39971.22903,37.92532134,100.6795277,37.90402016
-32.17759999,650.0572764,3.716721624,32844.62194,40.52287945,195.7857784,67.45329197
-1.089105588,619.28891,43.9568456,38894.19459,37.15544596,287.2882286,75.67477632
-5.770501573,507.8032762,16.2816035,34083.79164,41.69922344,91.90691854,77.74670873
48.76257598,1000.777939,20.41264668,32438.79367,33.26725716,177.4073476,31.07849527
17.38244672,1091.342407,17.61859995,10666.4525,0.550385098,214.1896665,47.79950293
-45.90693117,838.5050187,1.855431715,14833.01658,29.70253115,272.8666086,43.82843148
-34.5002244,652.4297732,48.49529891,34178.51203,35.35484935,235.1809221,56.84492104
26.78684681,1061.163385,11.61709625,9791.958654,18.87847625,218.4402593,61.92053065
-42.27964544,656.1870335,25.50285357,7752.488507,39.98679384,103.7744834,7.074592607
-41.652216,772.8516997,43.14465083,24735.83767,0.052159115,289.8299068,50.13832915
1.168375323,494.9769121,49.31268822,3436.431092,23.38481428,64.07158695,28.38513311
18.92010566,1044.740669,38.38879152,9575.275394,7.576481289,114.9953403,52.99511546
37.3170166,606.5684233,1.272763274,9759.301042,1.648537333,141.7762733,52.28668063
-34.96548834,832.2449429,38.28282547,2630.2266,27.36490852,164.6991811,42.80872108
-18.57779243,753.3560886,29.48249756,7993.362132,11.07955292,36.23389478,56.93301799
-25.3592087,657.0428304,14.49493764,17115.56297,12.59205157,289.7413279,17.72197341
19.92160862,853.0890865,18.3471472,18013.75907,35.07653833,152.9150272,6.453888585
24.30380334,472.4635755,46.4886853,6837.269928,25.83115436,218.9398236,35.61624118
-1.583505936,860.6288626,49.73393023,12225.33646,23.48199636,279.4132304,67.21999821
45.11416847,467.9085054,7.979132299,30324.98633,10.94626154,237.4337574,98.53032861
-6.677278535,784.4285265,49.70605094,25811.23508,34.25339745,99.60441741,69.69823664
16.01374286,317.5257647,8.783629039,13885.45863,19.18588728,288.2263967,39.66309072
30.44992502,320.3444431,19.64389682,29500.37262,3.407254184,58.52850571,9.110709712
28.73595241,892.1618163,3.947120558,21272.42628,4.430141092,276.4568218,72.47176758
47.47845993,1071.003683,28.13902075,23110.32438,13.37055104,3.354148407,55.0299975
-39.54304093,620.6195677,26.45969397,25523.7204,32.19443041,162.5177241,91.45389698
-4.793386062,517.6516595,23.00243228,9758.713829,37.21309216,85.80359661,25.14185503
-0.262053045,793.0646101,41.23203328,228.3615497,23.82483597,91.46133728,40.74671511
17.5095867,379.9703248,20.62322603,29737.07482,30.48158091,261.7973033,46.78893877
45.1471342,725.7108943,24.5962055,179.1901702,22.62221253,203.4624282,19.98882033
-18.91416194,848.5274819,28.89360964,28366.58209,37.5676675,183.5354821,2.696031914
28.02123185,562.4704671,37.15679014,38740.13963,6.769778674,66.89742464,54.33142297
6.54983041,538.9799181,11.3140391,6280.465899,13.5971262,52.55061795,33.89440874
-42.87061359,941.4254266,10.5590824,21466.20137,12.22305485,168.6436163,11.26731617
-43.44752084,1075.32143,2.048724464,6956.948391,6.458573992,204.2357137,15.55140008
-7.039911928,774.4639149,9.290093046,38876.3498,46.74614934,173.4637236,37.36382712
-15.60586139,816.5144301,5.932288997,16274.73645,47.98352365,237.9862583,92.92667792
-49.14226118,526.7816414,48.82247928,6725.879342,32.8070444,125.6952598,64.41121535
-16.68346793,565.8816876,25.63740784,8937.337109,39.61833729,11.58709178,79.77853593
31.68715538,1093.492504,22.59641154,24579.31947,37.10795006,202.112762,71.49561437
22.52064116,493.815621,18.19902085,21863.92109,33.33638402,250.7608659,57.58904343
49.43014947,772.1351663,26.272675,35284.66222,49.05901775,53.92155312,55.70211808
45.72695398,585.7923351,5.524896644,22535.76267,8.537233841,231.8789116,9.11773661
11.73446416,393.9312296,49.67713426,33304.90366,35.5030405,7.191328382,24.17434681
19.30852805,490.4340528,35.01240239,27288.35247,37.34561428,150.4800622,39.46741477
-45.09365493,404.2542417,2.043594255,29176.35052,49.58873032,26.87724318,83.51231818
-30.35809948,732.6271969,36.05397929,5039.985887,18.67251012,11.36205039,27.55753879
20.08479361,425.0545951,6.556014433,8772.264693,47.1925558,33.68088908,98.60067531
-39.62513722,783.1265574,16.43081008,28284.16131,39.86103521,171.997303,35.93831941
19.26876361,491.9665317,39.30230323,17960.00441,30.40548346,133.8193833,93.08891025
27.99057285,393.6384849,10.61914941,25712.00923,46.36572746,126.5845707,47.70558639
13.28094106,388.6538089,37.6005431,37023.11734,27.13571768,194.8954741,11.66714068
17.4466066,945.0013496,11.77526703,34894.82494,35.56821846,207.1066866,97.58692746
-40.56204224,610.8769907,17.54546572,8154.939528,8.501024261,72.95779267,39.52696241
8.630141868,973.845349,15.08951962,39758.61438,34.60211267,266.6867431,91.95567346
-2.162354434,897.7366576,23.77232648,25109.30091,25.9815244,149.984912,51.92382437
1.933614483,788.2055285,44.71417129,26527.0555,1.600125375,114.2432763,81.51440281
45.87094076,650.1942531,21.31874575,17171.64654,43.62148564,190.3245118,33.10644698
25.65241792,443.6893047,32.98739572,5690.172412,0.961103803,200.3400712,11.80470405
-11.02610383,888.5879791,46.73348572,21781.26721,27.12891345,251.8706601,59.42642332
25.26031182,407.5244968,39.34520194,3429.867912,39.46421064,266.4719719,34.48368442
35.96790575,564.3819629,7.044555377,6208.664317,17.09871961,145.2852648,78.69674787
31.11355154,815.6726188,1.128264901,38785.72814,40.5695766,164.1030149,42.95794476
32.01895973,606.2711253,43.73602461,36310.87867,5.945105714,238.2672664,89.74635411
36.61241121,343.9394919,45.91455392,35227.39513,11.81683004,253.9934721,53.39731858
-9.409824966,306.9877233,20.94142027,14789.94824,15.02203167,25.19044583,88.05896842
41.66637431,1039.875892,8.878149416,1834.613182,47.13559884,207.8375981,5.725830496
-0.151334394,866.8740577,35.68095219,19825.85639,13.84079086,157.4584065,53.02995531
-35.94351788,937.5811408,49.11521707,4297.825465,1.241817984,36.61936003,95.23817974
35.79632497,807.3333684,10.3568188,20170.88092,14.28616084,23.8945106,63.2531731
21.25110215,663.7290988,26.59910247,4718.04507,32.26127964,216.4968517,60.10469647
-0.004342834,980.4652964,23.91202795,8883.306586,7.202638662,49.84016805,65.8957652
36.9499731,992.1544874,49.90152404,13905.60515,11.04577819,35.49200313,34.8470568
-44.58339674,615.6412261,21.78719162,34506.89774,49.59621214,87.19907604,48.47737885
-16.21771613,602.9732668,25.93017644,31897.7439,6.11166316,21.85834514,82.19305619
41.21995868,820.6415499,9.488811026,17735.49031,28.63168214,255.7617225,46.83744739
21.13289639,729.3220554,1.128599026,15713.71917,10.15689258,103.2043348,91.71979227
37.46293275,840.3963029,16.3413559,5824.52285,39.79464977,218.0701318,3.357083007
-47.25130574,981.5403649,43.33769849,37789.10613,12.14848448,58.11831597,59.98340942
17.59621278,472.1650916,23.77722378,21356.02754,9.426777979,165.357612,88.36760085
38.7958016,972.0786221,28.52962678,9780.869283,21.83644056,156.7326956,27.5598524
23.08729346,606.3503688,12.6646203,12338.52057,3.558106786,217.848538,46.84548331
14.50356571,722.4590153,45.86927727,16549.50655,41.71464149,160.7011371,86.05396965
-27.59047027,1085.13497,24.22978577,25690.63437,41.58740345,188.7447756,93.82734082
7.865486672,385.4628234,23.35237559,34402.07459,12.37403309,264.9415062,61.56454332
48.91680656,691.6882414,16.66711834,21128.26447,2.54078022,223.5780712,93.97736859
27.17241961,1047.570873,5.009081078,28536.63593,2.495106452,164.3593592,29.56552378
-7.036988754,685.5640265,35.34902062,24397.26577,33.26027541,283.833697,99.91292886
27.19104873,812.141603,15.57096317,25670.48104,41.69384323,265.0503144,35.25601499
41.99201917,1016.557511,40.57145034,28430.4563,41.11264777,30.9749179,63.9740631
30.11984496,860.0722722,24.49670166,28097.04079,29.55504229,69.77416304,76.77108539
6.432233901,877.5744756,36.59116779,16299.81564,44.24027774,67.05978859,36.41762205
22.24023242,916.9958685,48.00905849,33923.27478,24.94072951,247.1938434,13.22294622
30.59350434,772.5553773,3.860295344,30230.22514,33.89120902,153.6294587,9.657517421
19.37301658,342.1242702,0.318606527,38739.53528,41.83757461,5.047744435,47.28068468
-22.50667689,639.9586748,39.19822816,37054.01421,32.63967144,68.52472356,73.08603502
-43.10472839,1022.540018,48.43464329,4910.726106,39.94112904,191.5925756,5.966449063
20.08733287,696.1648389,19.20495994,19595.30758,9.408238395,154.5714522,44.75707264
23.47774208,775.5950566,28.2557826,20077.7686,4.494572504,21.72088901,78.12102651
29.80940716,698.3254069,10.8555462,37305.66826,23.3517925,84.19397229,24.50804869
-41.55912984,791.3564808,34.3806755,23202.32957,35.03864282,81.88450504,5.982263582
-15.41629142,798.7099814,17.27611215,11556.7407,29.09252129,158.5274341,23.90924575
7.550500871,724.9634132,34.37869493,30959.73843,37.84022751,9.954694645,38.6497994
-21.98546002,908.0910241,47.67816638,27186.27058,1.884893816,244.3698989,56.56344427
-42.62543108,822.8603644,2.077008038,15990.83319,20.30219096,116.5204624,1.589984222
-3.335462419,430.5371426,14.4622137,15333.86165,48.57110779,239.6363444,9.073963346
-16.43931047,743.0808368,45.53139986,36528.12319,35.28174812,101.8055455,42.33257995
31.82506351,860.1301101,49.41015439,14831.29396,22.84992324,37.32227152,16.8484593
30.14147995,1074.632192,21.11478167,20060.43979,18.37299397,65.39858523,59.12257479
-20.98287068,1042.620291,33.8472324,16228.89797,42.53932989,47.80670098,96.8823898
9.955406383,1006.071273,10.16110611,16169.53676,7.107621444,285.104571,18.33884166
-49.6084196,379.5733776,37.23218074,11475.45721,46.94761956,177.0153386,55.68935267
20.51480054,612.5133194,27.43133008,25696.2386,4.30891957,18.75737344,51.9120823
5.949937998,341.9582631,32.59810236,8377.20715,9.383481328,157.2082819,67.14957799
37.18928207,661.9172183,32.69287363,39123.64283,25.34777083,29.04998358,54.81604244
43.73406216,870.2446687,43.93022658,36839.09947,21.270543,140.4532634,80.58628515
-20.42661443,1094.789368,15.46878878,13186.19992,5.949835877,254.0108815,17.18771114
17.81613666,836.523764,7.96645639,1520.127008,30.93802081,227.5846466,66.40122988
0.082386027,899.4747696,0.293285605,15897.15173,36.56485403,44.0456333,33.66835531
-5.556120993,979.3287967,40.25800112,22324.72089,0.012985762,98.57689997,53.68579793
-16.87398485,855.9450633,38.27341731,20659.84662,32.01912759,287.5421478,94.50275405
-27.98844856,879.6367738,22.00086118,22073.40885,34.16280588,252.3112729,61.0543817
26.87160291,1043.980834,32.31948911,21669.50974,47.80483856,259.9744448,91.21053345
-35.92052777,579.6600665,3.812665729,24103.74611,0.331093403,82.2684182,13.02713861
-49.1387797,833.0563868,36.52022376,15544.56397,26.88569764,242.9894413,71.33622185
26.80064192,562.5433764,21.76231339,36073.8274,16.48998252,35.66792311,42.28528236
-46.90001402,657.8694506,1.637309201,30772.83722,22.47728831,270.4885908,87.65465287
13.4406826,371.7726534,16.25195191,21674.22846,20.75809444,129.7670968,39.95266366
-31.06990989,1033.228337,17.92234411,28432.14134,5.379499973,271.1524745,42.03678623
-23.0592129,332.299493,20.17134727,2501.361013,43.29538026,234.2799873,15.5988769
34.6321947,412.6906702,41.58951378,20145.9103,47.19296392,72.07878778,78.57745091
16.04072881,872.1010448,21.68085671,4938.420097,20.73317233,196.9535364,20.00203415
-15.98586825,364.0374534,37.58124363,3093.144055,22.41481933,101.2279053,64.55536118
10.40026603,1060.703718,47.43789738,22402.66819,14.29836083,267.3955075,97.79986065
7.942694043,326.63522,13.40823207,22753.25791,40.36928186,190.8935217,44.34573041
-30.64926204,719.6010601,36.02778181,22442.65472,25.4858025,16.61615294,52.66874316
-29.36644889,1021.245099,4.691359686,13869.32075,40.68578909,32.8269664,46.98897061
-43.64932705,396.1723738,13.46674768,30108.20088,31.10447199,12.66013053,75.86558025
15.22253537,773.3439973,11.88425431,46.83645987,16.51746419,49.24249844,41.4172558
11.67425974,384.3781191,45.77443842,34371.26276,34.63299833,25.73149102,28.14637641
19.765326,1052.866417,18.88902052,18728.35301,9.837591911,53.29431581,86.79763844
-27.15581683,677.5044991,6.163481864,3702.429474,32.60742682,255.2322037,87.55484584
22.84360507,471.5415149,4.09271026,16786.7993,11.37919062,192.8558602,48.37723417
10.69365395,569.2597463,49.30254977,12006.42166,5.497215689,238.4607006,38.31377216
-3.505365574,1077.099432,22.00135541,27789.31569,7.591324565,30.92059388,69.5049407
23.89572082,997.1889303,27.885864,23208.1158,39.44177518,50.42390737,33.07178017
5.803331159,536.3746466,41.37930083,8459.399543,30.37049014,168.8632295,45.76111703
13.55917675,976.402343,35.22745131,17206.24554,27.72111427,29.68785907,15.4413488
11.45179218,892.1874843,32.66881,18857.35391,12.68983524,155.2481534,7.744297444
-41.42154141,353.9178693,27.68764923,38091.19742,20.52710755,152.0480822,20.87447941
-44.20441191,381.523198,0.173538308,28700.0714,26.74526562,137.3069002,61.59917763
-47.90977228,502.3170786,45.5194534,35690.73022,14.983647,153.4710904,20.24803193
-42.96598552,707.575233,46.9630297,510.3515944,24.59255789,295.075272,13.72146442
22.89126776,378.2256955,4.082780689,9126.073061,36.79685963,73.60437322,95.56166448
-28.526376,851.3349766,47.99646704,38458.90789,37.57500791,19.8749782,37.03558341
26.33724096,655.4771138,13.73857212,24118.90957,36.95716231,24.21507317,19.96995464
-25.39153318,551.5735899,36.98917814,18622.1414,24.44522144,137.3557455,85.75203729
0.58824491,520.555867,12.82813182,29144.64934,38.379172,231.1646575,0.866605818
-3.509853519,809.5595666,18.51279435,21821.51518,29.41131643,197.851537,60.02338611
9.594483219,1072.18342,37.15088644,8218.149196,40.10527558,136.1800931,88.46149933
23.91138832,870.6100097,12.07100265,34552.2361,34.42426329,236.4850391,54.76167012
22.65136338,382.0785193,48.71190692,9596.930691,34.68067542,119.9969193,80.51125049
39.06857719,728.7182699,46.14986883,9286.823825,24.80416759,73.04462676,3.705303373
16.34449937,444.9924796,19.33496983,9960.170522,3.33739863,66.2448664,48.88281405
-25.95385298,675.5089684,20.53896403,17993.51515,23.21716655,159.4857717,3.831698528
-48.68320732,676.6543404,25.42269907,37498.95466,26.16153888,163.6479761,6.571960131
15.95250706,533.9758322,16.26802388,23215.55293,41.77799813,271.8320584,35.77241775
-28.49654504,427.1459276,48.21861039,24295.05597,32.84305172,295.7793519,32.26251658
44.47998852,1006.837465,10.59180506,37337.48432,29.63230146,143.8364364,68.46115182
49.61815605,904.2417012,48.96115346,24966.3772,19.22795211,181.5265119,18.65311597
8.826995077,1038.041772,0.169480451,37821.53262,4.224027721,20.26665942,93.63635873
-44.40047354,883.7276365,31.65306364,26190.41672,0.942986286,249.6225266,49.32252466
-48.69965175,850.0257835,18.21969997,38423.02014,15.53686388,277.7174932,39.72415318
-1.433896449,368.9693842,29.89589148,28040.25425,24.6885827,69.53238784,62.53327285
4.902836472,564.1658907,43.54649786,34951.20934,14.16967267,32.69681807,92.93691525
-26.99195702,336.4324074,20.48600645,18779.12201,26.29146855,204.7164903,87.20565757
3.382443736,1072.234292,17.45639431,20234.98392,36.87984529,172.5772774,55.35506109
18.98047713,579.1036605,15.88595513,17127.4132,47.93589139,168.6029203,23.94581731
-2.57328219,404.7664989,44.6300781,22184.21999,27.88989851,223.5754174,40.74172674
40.51104198,426.4050149,44.67949123,17880.57189,16.83774119,45.7093912,97.22508673
7.933209043,474.9722866,17.4087915,8477.770485,24.61252046,10.2683747,9.386554471
2.261209652,604.4090483,37.24051249,35787.65396,22.89178304,71.89963276,61.25594663
-12.58593416,559.5132027,14.21995894,15654.85785,15.18101095,257.0463794,98.58576557
-10.52381844,585.6122412,24.37802193,7943.743898,13.78957354,232.4406807,73.66865983
-24.16062024,598.2342638,11.0092244,6192.637355,44.42066194,286.6785762,48.40489224
-27.71452927,426.7830805,49.2828941,31659.50636,11.10501476,159.3250995,30.09449457
24.61179087,309.3943784,9.849774409,28868.92536,44.65382996,270.1617995,91.07794275
7.266331228,560.7430936,16.55747075,13871.45732,22.53830777,199.2649481,40.80628498
-38.4327553,1045.7955,3.003865283,15385.75614,1.821996846,64.46995124,68.1323939
25.06671785,340.5722486,19.28070845,31086.57055,32.66560151,284.4391796,5.771488035
-19.93291706,1016.662734,43.35624652,31812.01314,10.97019944,287.5969591,89.47185341
-8.39871658,548.300117,18.16269858,25453.63133,49.18749114,76.93519712,75.55802634
37.63223898,459.0595626,13.65302952,18836.54008,27.25867304,222.4693065,27.12533245
39.69665403,682.4250292,7.400631018,26935.52952,28.97185982,82.72732333,6.72793865
-12.97497277,503.5528246,33.68199477,8036.814432,13.63944753,100.1043553,45.78669719
-40.06551541,566.5834957,48.507538,31640.39009,34.31848962,39.78844176,58.1138572
26.9465699,914.5030346,13.952805,16482.61195,26.48848589,178.636153,61.56831121
-22.62242482,423.2576968,29.24625247,2714.314953,6.358456085,276.6272378,8.559614185
15.76316715,369.996848,24.12850932,36656.16616,21.96277157,262.7176634,11.20780615
-29.75344057,1059.098111,30.75575939,22389.55794,9.044209523,195.6391508,15.67791564
14.87153144,681.9461169,20.49415209,34074.77191,42.7298463,247.4808998,78.41809779
-25.1058499,599.0506409,0.547246647,31239.9975,23.01787581,163.6381248,59.27996763
-48.74453919,321.5401724,0.517058442,5530.009727,36.60115619,91.55299597,91.98306564
13.4999824,1077.151465,18.62778584,33481.68534,30.09331885,18.33812615,11.4407684
31.63045951,915.7374998,15.95294062,19146.21876,19.07677123,168.0345311,65.70916089
46.88617321,1042.440661,5.32917582,21527.95152,25.89011141,138.6896024,89.95895461
-30.79643632,1054.922363,32.10002662,11850.09948,13.93457908,56.64920185,50.52682994
23.2084362,882.6342745,48.16178303,22820.96544,2.027435034,230.4916156,78.89535969
-14.73985192,848.6773203,29.50324682,4367.602337,23.58008552,135.6490912,56.17014785
18.74048375,670.2018505,44.70786924,36098.01787,31.13801491,92.25661899,59.97237264
27.18522188,391.2708168,47.85422241,22256.5164,48.58940118,56.03630864,59.70186275
13.3642937,748.6582686,26.72086449,27455.13704,6.760439276,25.56420499,4.857477872
-19.95030572,849.2290645,4.238668168,15565.70975,6.512057423,11.19654661,80.07220272
-1.354016697,389.5260777,11.5496367,10617.65225,34.60790977,174.4404264,38.77100802
48.7521807,852.3086608,1.543828901,30674.3409,13.75184722,242.4921039,60.8799177
-13.61580551,725.2536549,17.53583547,1378.514504,12.68460935,281.2913978,37.96304208
-33.75997971,716.1620729,9.050942944,33206.62629,7.131377638,283.0888632,82.62378916
-16.95354923,656.3791074,8.777096252,12916.92623,17.39977475,23.40899936,91.98186178
-21.8468535,555.3302215,36.65339891,9032.865411,44.55851241,279.1052091,53.2654601
49.12560608,1055.973032,46.30252761,18716.78737,25.57805699,145.1029568,11.19505133
1.687231698,647.1269823,46.73809845,39294.79549,16.14538998,109.7014433,9.574875736
-20.55495658,542.1272546,47.78224841,35133.65772,27.84273725,244.1585385,87.03767446
11.25986619,880.7770771,0.857007247,25952.61618,35.53925653,189.9142784,62.31948268
27.88003661,445.8600957,40.8063307,7816.15001,14.32079374,137.9517355,72.07613922
-43.37316821,839.3097185,35.45654438,24536.1068,33.26921029,8.940719883,71.07042234
-16.52816347,645.8044728,45.40078737,5777.925837,2.028863045,111.2734189,66.58234362
45.82278245,705.8975235,11.99287441,24391.29596,40.21363707,184.1030625,99.66361851
-46.00042913,965.5644521,8.65539902,22925.16215,2.061458738,162.818476,52.84047193
35.48091738,472.305647,0.786143877,30707.61889,30.77094774,192.4063061,62.3061225
13.26256994,551.363067,26.65604512,24557.43128,14.16693124,214.7245173,54.34187708
25.68998114,1039.220896,27.90635582,5606.894665,20.50257091,267.9950021,53.884737
-3.140995072,698.268919,9.658184328,1199.13222,32.46747618,63.16173878,78.8252483
-36.97258072,913.2117801,8.059216275,19520.28011,44.66059329,227.4833009,93.05023103
-1.419528143,456.7202001,46.50283979,13731.55863,43.94621952,260.0091649,50.44745483
-46.07498776,594.2574031,24.84321659,39288.31729,28.93709784,114.5761596,44.60140711
-38.37285243,580.4870525,32.63972988,39339.79112,33.9664522,246.282287,90.07203432
14.45339409,354.8378965,36.72685651,32439.41311,45.03783246,173.9819699,86.31242331
8.832094989,623.4812397,18.90173387,12724.84126,47.3983875,30.64344515,17.03363325
-2.327524196,366.4653794,33.09032803,10387.05202,18.52760268,208.5763401,91.53907536
-38.9314504,1068.105237,43.62503763,31465.11986,26.60841981,174.3580775,52.80537785
-11.48532035,1089.010878,39.47600716,22535.82807,19.62497648,165.6547382,79.79273986
33.04888817,997.4233447,10.79269784,11863.15335,6.882252935,208.0836056,91.83923695
-41.99953406,833.194563,37.35023773,27826.52671,18.36284451,24.69912894,62.72862307
-37.79216342,1008.320215,33.69772872,9015.108366,3.000030094,103.9741804,5.365113246
26.12294769,1048.91195,8.915667802,10467.36335,19.99568583,189.8973594,54.75249311
-24.20927965,943.5614263,7.791894377,22373.1334,8.14730352,109.7598655,33.15497285
32.72673683,938.7731908,2.332428471,3084.751565,31.62541335,238.0462785,66.31982759
-33.94633955,529.0927371,20.98727886,17346.60579,39.62977913,83.05547542,63.08678475
-3.252239266,482.113901,17.80729997,35382.62599,42.31572891,200.8899679,42.12850879
-13.51000764,1094.57395,45.34524172,6341.642409,21.78579691,238.4779387,6.18538217
-46.48212132,367.3458554,25.46892829,26486.96396,18.024868,230.5702424,42.41676494
-24.35494095,1006.12729,9.899521115,830.7212981,7.868231103,59.70822694,23.22727213
-23.12906263,1019.366388,5.031642261,6480.830355,47.99066855,273.7921582,63.92074141
-21.38074985,1013.775486,33.07761498,37140.74965,4.940039583,233.8724221,13.61923346
8.412723057,1038.313852,35.11089707,22599.32818,6.562624464,76.36023501,30.33532477
-38.57653743,560.73881,46.86346624,24672.57172,32.40285901,169.6814708,52.99542288
-28.55886289,844.1421325,42.26900846,33865.2548,34.75406541,156.6445629,66.5769458
21.67161082,673.4756867,40.96232561,11704.98912,17.1689751,174.798752,65.11273863
-15.60621693,387.4200076,21.22233893,25763.82998,27.75955112,231.5340435,3.613774677
37.29518677,344.2116326,41.21363889,2165.824407,10.01169715,230.8734403,68.21183738
8.872510408,712.9785229,18.18894149,14553.7697,10.62957727,14.92639747,5.287908128
-4.414076639,455.5018637,32.49333219,4680.888004,17.53202069,81.99999712,61.98032059
17.95804372,446.6714432,41.65325003,36028.19776,35.18757891,289.7083466,72.07378835
21.23628846,306.9294842,26.64726009,8406.234277,7.607378768,286.8906277,68.39834495
-25.26575257,690.6242468,15.49722973,33923.11205,31.89734481,97.48992048,12.87226624
18.78793569,652.1573756,43.72477087,29552.90996,47.19210216,174.7445578,56.32850418
33.43845656,522.7595512,49.05222304,14365.50807,47.12550043,282.3028707,95.9993984
-27.28985477,555.9738856,39.9681217,14341.73976,49.31640244,248.6721665,45.27000644
2.449352484,1053.600345,46.22679319,16870.04961,34.08473491,269.1493875,37.04930562
-27.45043464,587.098774,29.03948895,33072.40352,30.47731434,23.46926895,59.53904812
-0.265061037,437.7833696,23.36657483,5479.257072,26.61223544,88.79965749,67.56825298
-37.16261431,378.0646481,19.87852355,35328.10385,26.75504968,165.1123571,21.07599908
-2.131263757,631.9855319,43.56853608,36400.70666,10.92408953,235.8601589,75.51080967
-7.682209138,540.9082595,33.13174748,34502.14686,0.833831242,11.64978261,64.52035273
2.616322676,332.243256,1.027830466,36113.05959,29.84031007,114.7731439,44.87970408
-8.780567577,316.9463399,12.00031358,28077.18072,9.224783408,156.1137976,28.08276401
-30.32605635,538.0971042,10.00546617,15184.37563,31.86580213,45.0996942,67.57438647
-30.5293418,807.6322187,2.707067372,4421.261697,19.61707891,212.6618007,98.98098799
49.07783228,1058.737702,33.92205279,38147.46417,13.86991743,184.668253,83.35826132
-22.73308139,807.7045497,7.955413497,24408.55033,11.41314129,23.34031773,17.64234813
7.646688064,836.8465637,8.862814357,13446.98777,13.60643926,163.588609,27.17343763
33.62518381,1017.496998,32.04002211,17262.30578,33.44337801,166.5825938,68.21807258
-27.77841802,687.0023667,45.93097457,12805.42232,9.925668542,191.84868,61.07732754
-21.3499013,711.4938665,15.31331389,39756.10779,2.411807959,53.99786488,29.64458094
-25.27862529,739.5960232,22.08252838,24133.27817,34.09364111,119.2781771,15.65198063
10.53742522,551.3372314,37.30425005,21975.96686,1.656437922,140.9845564,61.90835346
14.38817293,626.6393184,15.8619839,7860.613241,41.97636261,80.56910971,51.6387129
-25.69687899,497.6816212,0.881737228,13830.31025,34.31258448,192.438676,58.01341564
-43.1633388,833.5206619,14.20268655,28858.75215,0.297059393,47.62738303,58.12908767
-41.66812134,1071.121799,44.33752491,4495.824231,40.90055099,178.1312498,47.87719708
-29.72473346,559.8886468,12.32906684,2645.108392,41.86402435,285.367253,69.6499745
45.64984638,887.2735094,43.09868541,10424.59547,28.60879208,10.28700981,38.79178976
27.80782052,571.9172765,47.59637145,4305.435363,46.08751733,150.1610584,64.91318531
-32.29202019,766.8368331,19.385341,17360.66913,25.75785319,89.56324889,80.64686457
-18.76660792,522.3119248,21.52744816,4732.863054,23.0504814,218.0406265,87.92927863
-28.84455494,1049.457363,25.99573018,28386.55187,38.04676574,149.2362262,59.51214228
-19.68828821,724.8018629,25.17330324,24273.11387,19.31556858,245.3269997,76.86878971
48.37805392,896.2760558,20.60062025,14033.25357,0.191494962,278.9096119,86.38707816
2.264234691,449.9566124,16.22411732,18209.91058,13.57007977,186.882801,69.04171411
-6.938006626,853.8802783,17.84059647,1366.143094,38.48872184,196.1499007,6.636940212
47.39270423,414.0812464,27.3646409,12.3096253,9.915827705,41.38865555,29.62215267
-2.86006595,693.0546375,19.70209976,4061.263991,3.547199777,151.0619921,3.392159253
43.26121905,433.4857599,38.60364934,12223.47617,34.30204489,181.9044097,21.57415198
21.55106182,769.2530862,30.44304038,19800.31961,48.55583121,189.2238628,1.325091547
37.18163794,340.9194081,17.259899,20044.83535,7.764616476,155.950638,17.31679406
-10.82125579,544.0273765,30.99191198,12389.59742,25.8571741,185.1887363,38.00747613
31.76502167,320.1362077,46.47291328,8971.245064,37.39072101,104.4803066,70.23919096
-13.30981326,640.100865,14.426097,27024.49794,10.9365105,237.8524744,43.41839093
49.19441094,895.2340028,7.684568106,23761.48053,42.73539835,257.0170567,39.01511968
-46.78536501,911.1509469,16.84509764,4136.441044,18.55185971,123.784303,62.08671096
-12.85861834,592.8978257,44.87367179,21178.69162,21.58417878,4.328990871,51.51113929
33.07083546,591.6738198,23.36217223,20515.1713,48.59335766,30.88344753,60.81958235
-46.61908306,489.0853135,4.334082861,29206.48788,41.12243002,140.2465001,20.75017349
-16.78249123,683.8250517,43.52645344,26193.55835,43.26628843,281.0101464,20.71328019
-17.34724262,499.4706153,16.03088432,14373.83343,20.73352032,45.59041676,74.17757863
32.76494493,337.0403473,14.8125946,14656.53356,32.964084,125.4623799,68.20615794
16.07542549,642.1265909,46.72211495,28076.3565,31.39935281,49.64351294,51.24277926
26.34947339,608.9837785,23.84287226,33588.87514,0.210061455,5.373801705,78.96512906
-31.93705443,550.6076596,12.8914914,27234.87711,30.74082909,292.7532682,17.66536162
12.45370312,678.5704654,2.587754637,14480.28364,43.81151454,123.3150047,18.11480955
37.51810575,611.3164741,28.47945077,2239.400733,11.67512508,15.36888984,55.18287375
-34.62816738,840.9323717,20.43182754,31367.87476,30.24872637,85.8117991,96.61765217
-31.89335602,927.677328,3.758490526,28420.20229,2.738562245,16.18339281,65.15262587
-44.71419905,971.0538639,13.42751822,17827.92537,39.0375607,127.3959961,4.333988014
19.28509669,515.7304616,13.77582472,12815.53239,37.7025659,6.589700283,25.199554
-34.33700434,525.2290387,33.25821216,37761.96542,41.55400165,147.0401612,91.97220498
-40.85146151,788.7052662,49.19390002,4481.110569,14.11804095,45.91694049,98.93938126
36.39427578,576.502331,13.76820517,24833.10193,20.17659846,108.3386185,45.2944025
-47.33217602,674.3868973,2.294907561,17299.21497,44.79501936,111.5971206,76.60050039
39.55187028,843.4054704,49.49436904,26207.29025,45.45491975,138.8864146,5.46053235
12.43515203,670.2261801,45.28446016,35439.79151,37.24912224,218.583155,77.1402623
10.52115455,383.2698448,24.54949329,31000.14652,18.50660976,268.1761392,78.76834587
-33.8160676,353.0285214,1.515749175,30443.06203,7.823630803,122.2492498,81.45254531
18.53516972,605.3129383,32.60901317,22120.58772,29.99588269,19.6707023,66.83331617
-18.41403557,1001.020668,44.73712394,30759.68156,19.0408467,78.21476503,1.378351528
20.56063192,319.4218567,40.69976275,11564.16367,23.40432663,224.5655713,58.70932653
-5.045980864,472.8978108,12.21534539,32492.19137,21.54219865,285.6073875,35.21481706
-19.20460156,955.0564729,26.54393281,36304.46533,9.491359203,286.7882499,22.1455496
-49.74251944,780.5676666,4.110801481,1503.508527,49.38747811,287.7986287,95.67542456
31.45149758,726.6203128,38.94881638,23039.001,46.3093912,146.0209094,9.720372573
-33.4351326,988.2934676,16.40835023,14377.2449,1.311446812,191.1781944,40.19957196
26.87540975,916.8140151,21.72922641,12722.60212,38.89836837,160.4505074,8.948129193
-21.85698191,1098.531377,26.0271194,31376.74447,28.17157554,116.2859405,87.57249949
-26.97678662,964.1208139,20.79505605,1267.165727,34.68929071,109.6297818,87.14070672
-37.29317597,884.1049339,46.76649462,38577.02276,31.12726727,65.28984103,73.41838404
-36.85887997,432.8784854,36.67072421,31524.21663,2.458233155,261.8811132,18.41519756
-49.2331663,537.3670023,27.43118636,39071.19336,21.73337055,65.13381076,85.57168526
-42.88651348,355.2487267,14.83593776,34407.83786,3.267487871,115.3765687,86.60619671
-12.81551221,810.0090508,24.15250278,640.636842,40.30410949,291.0017914,89.78386734
-22.86312837,511.3658962,17.39308175,26104.45124,41.59138946,190.9335201,23.94732017
48.93277832,606.9021302,6.052329406,20861.38897,40.21853751,178.1155779,95.28022326
-33.84009971,578.9423458,6.389048421,27221.01012,6.330676724,201.9185765,22.73082129
-3.446675642,404.8698148,6.220165362,9854.664888,25.6499625,200.0702304,0.198491809
-1.687839989,345.6494336,47.70806982,32167.05474,22.72377415,286.5003403,68.36703309
-21.04560287,1027.015171,47.31952211,16604.86332,1.975927506,114.4997067,36.61035456
-45.02669589,959.051364,17.07395386,178.8896236,8.442236174,262.8247501,18.19862706
-30.46360287,811.7904778,18.42207923,7410.629479,8.55375444,58.06354464,39.43976658
-27.56652617,549.4711008,18.63798404,16206.85702,32.97043824,237.6378968,33.77665125
-21.72257467,520.8764204,44.84034866,38678.71069,26.44828757,0.532277084,6.186182797
4.203876117,605.6776263,11.97472538,18453.31843,44.94203277,8.482651684,24.80986346
38.66925501,950.6150964,48.8417914,16291.93474,43.88165353,252.1902635,9.598276393
11.52606133,341.7856392,39.15046975,6725.05436,40.64423086,81.26660954,10.11005717
-14.82826932,729.3152595,17.15515674,13405.09051,27.35866375,1.446476403,34.78471962
-32.64708613,477.6568424,10.01167453,23990.7879,18.20721791,288.7340788,76.54610671
49.91839915,485.1889176,19.91188177,23640.42184,48.73817425,18.86334521,55.24610803
18.87798912,931.4584003,37.34138286,24719.58624,23.75514734,67.97753641,93.0989158
29.06574807,741.1246115,12.31594675,3790.559006,40.72103756,268.894466,51.71269211
-24.59075733,1069.713328,11.05783085,34174.20298,26.34039906,197.4373248,57.33534391
-11.08378383,312.743145,32.86997464,17757.54527,0.994299492,163.9692244,53.87931088
-20.04229491,920.1310567,49.86695477,8802.963041,45.27434303,221.25307,72.91897449
-37.21519279,974.6689616,38.56728066,29949.28186,36.31812143,205.2505043,8.759687491
-17.84145621,312.1823946,2.186102049,11209.9949,0.933996313,299.1791934,69.81898937
5.703103817,455.6651368,10.43007743,12916.22449,3.996119489,174.8681122,5.545178041
-40.70481673,906.0574369,40.04182068,37152.34354,15.71399147,212.3489313,18.53561958
-39.59067774,450.2477736,20.17242935,12999.41079,8.271175088,18.5358259,85.17466624
-22.07703211,770.1971821,48.64514469,16310.928,5.012459201,107.4100996,63.84653037
-9.102365403,362.1322964,49.87392672,2389.90336,20.48337951,170.2865177,76.96436572
27.42940058,645.6996827,29.30000988,18307.92539,42.44527211,75.40004683,29.48145927
-12.41380206,1038.157757,15.65070298,31818.78821,44.28917954,272.9920336,36.37786286
10.54749394,456.4674867,0.000830485,2558.828547,12.21891884,49.8824445,74.32702126
-34.93048812,880.8313683,46.72792436,36893.24726,14.13634983,111.1009206,3.780732756
20.20133931,909.2641491,23.81817502,39304.83657,38.69288136,265.6935364,44.56889039
40.68130052,1012.547229,43.78802102,7030.383833,7.728055125,16.42156154,53.29855716
-2.112899319,609.0961779,24.12892294,25901.50134,25.0381736,55.55831169,41.29889914
21.81151497,665.7096037,46.76906718,21671.55123,31.79444061,211.5068546,79.38887817
45.91892931,703.4549845,37.70120478,39670.8705,16.64262875,192.9780945,9.781619691
-33.08597259,536.2081746,45.07371873,11661.28098,23.85449219,218.2995431,75.09964995
13.53476895,1042.220601,1.792586616,14339.12682,26.66037959,118.672558,22.90464465
19.83524769,690.8688994,2.204364931,7157.744476,17.18362459,241.3662544,36.41442461
-7.92057281,334.8232641,12.45222809,14850.72448,43.59308938,84.2187653,69.09197109
36.83661929,959.5709793,24.62282009,6567.424839,10.77091955,116.2471869,32.029004
46.93293919,1058.873094,17.08559909,26117.72471,44.42810918,279.5468428,0.413491558
-47.92928381,811.8257215,16.36391566,14170.86603,27.04602471,116.1461021,80.50769583
-10.52182965,478.8143857,2.367212971,13425.79401,45.95635305,241.3398813,74.84570316
-1.790816421,491.4765809,3.154752765,32960.62972,48.0514165,250.8607515,56.34110708
2.700245275,524.6712763,49.09182123,37209.30771,38.02556077,47.49723111,86.11816289
20.81563108,725.2755807,19.20449412,33830.86465,11.74080688,178.7215748,45.92944199
-9.088521653,378.7545144,34.13813676,20279.56778,5.214832669,209.1665849,95.90855489
-10.3985477,863.6500303,18.69395597,27288.6234,4.823720465,189.8291953,79.42204505
33.63947786,908.7850172,32.45434781,10225.26373,24.26263238,125.2316763,67.56004825
31.45946791,701.4886075,30.07234445,17177.36173,45.59327675,48.71694212,26.24673853
-36.9764485,311.2090409,29.61288123,13609.28761,15.04525082,7.544736696,67.96127076
-35.98165855,785.1228281,22.37594277,12594.99028,46.30748499,213.8140497,97.72532904
12.5159622,690.1454198,31.97686848,33263.02221,27.99274148,54.66898599,25.13548588
-7.49790957,611.2333334,26.83294343,17411.32503,37.88852688,280.0512136,88.84958553
-8.605536764,827.5500552,9.332178381,16121.18019,18.96945955,188.2479847,56.83335575
25.7310308,551.5696925,41.63991173,14059.08612,7.379620542,210.3818424,6.573293216
-48.89253581,471.8813489,1.33842623,5683.518861,5.17840552,109.0217493,76.52175723
7.216910887,597.172956,23.13789259,2397.15446,36.85198742,74.88649162,23.28795638
-30.67183706,389.5596543,21.65426824,674.7658685,41.62603446,32.56486778,96.7831122
4.625948775,646.0115799,21.08413267,2115.279835,9.144354851,204.6143263,94.65469716
-27.58909998,813.5608624,47.43591758,16593.49441,25.87389535,69.34880843,88.08773976
-25.85299129,519.5789387,18.38903762,25171.9378,6.000016892,43.57453788,42.80679436
-32.5536181,640.6606127,37.09169032,18364.71806,39.88394452,61.74786208,6.18109253
-16.41288577,1069.121708,30.39501979,14900.02727,28.81858164,8.254723046,36.98730869
-3.397474687,944.4930986,46.97332306,34419.03466,40.93879807,281.9647028,45.67186333
-41.36027651,454.5913925,26.31950229,2654.479284,12.62898032,200.6132687,99.17219675
6.206693342,742.6475667,44.94018922,28602.3058,19.94306857,203.3852153,6.46047937
7.658518474,546.7895949,38.8363072,33495.33366,1.300836494,299.1501596,36.88161488
6.024362292,507.3427416,11.3492467,16706.87204,30.4778694,264.5660493,29.36559143
3.476734853,523.2385774,33.19284038,39858.9673,7.707345547,166.2063617,82.22189729
-36.03446411,516.4450021,15.83359283,18970.37599,3.492470727,116.8340239,84.34442899
7.628821959,878.3856574,28.43572238,35659.70441,37.10128755,23.59395115,64.92485944
-1.800401788,718.2264959,7.575183517,37260.095,20.71414149,94.59425765,18.51818672
23.93418218,903.7396269,31.0423819,28401.64838,23.56043025,203.7196155,44.89872925
38.2686479,725.7767565,47.98889418,862.0740021,9.161887049,259.445555,82.34167917
11.54718941,528.2572016,1.118865988,23660.29334,21.66223213,24.73336153,41.8493974
-19.90916339,992.7187429,5.594822533,36515.53324,30.86939121,117.64811,94.92168544
-22.47752394,485.0060467,29.15743478,1517.970557,44.68803968,148.6413401,18.51258101
-42.29202958,821.4037697,43.23522699,14382.03554,33.56325072,140.7306326,21.81668109
-16.98416106,882.7956375,12.47592203,8795.687699,34.06940133,193.6996594,3.011474806
-35.01731236,631.1469676,34.42696619,21738.54814,3.229625519,109.9947576,33.91770736
-40.72082264,585.9631366,8.023258697,3097.894857,39.04042947,165.5579309,86.92082877
-49.0707961,707.5695832,27.00467892,14722.69069,33.29173432,183.3251737,8.503191259
34.52212421,1052.625709,49.80977286,24961.49564,26.5691224,224.488065,46.06529681
-15.06728007,1020.515116,45.72364777,38500.76559,35.07971155,103.5884356,78.50995929
46.74342624,595.7848568,32.11886981,3909.735314,48.81518732,234.0423412,52.87259978
-5.981774044,897.446526,17.75088546,25990.08548,26.56326696,39.47227332,25.53326001
17.80267425,580.4854636,40.01047054,4045.284046,5.265828858,169.5641175,45.06198053
16.77739369,932.971365,0.758360303,30145.74343,46.40863419,285.8866284,52.03066324
16.31941596,894.6548129,13.17918092,38906.70538,18.2842452,252.9567657,23.51607067
-22.76629179,837.8913913,22.14464245,18755.93004,12.1102411,24.67444422,77.10131291
-23.65632903,397.9973321,39.57282361,33704.7248,31.36045678,151.2280346,45.3977272
10.5878778,693.1874663,35.96995897,4220.700453,5.459876764,76.76654065,87.41458946
-30.35460781,1040.498189,32.10781542,4892.796158,18.63951859,66.48879935,31.69946467
-23.72829845,983.0675488,32.81320514,31424.09851,26.44145126,175.9286312,30.75884421
-17.99643119,744.5817949,36.90230036,9359.090834,17.20567264,245.8682173,72.08669092
8.120419602,390.272843,47.56313869,35926.501,43.51439707,156.8613315,55.7610659
8.365927418,439.2892261,23.55099306,24754.52904,44.48978494,175.2756688,54.07298968
-42.24078186,635.5978409,38.86415891,2525.086036,46.06614966,13.13550618,5.833053235
-49.24925576,652.5748149,16.52877191,37987.95616,6.531201039,160.8036113,72.73471586
-24.06318239,694.9716609,2.98413993,1405.061122,40.70460454,249.0280732,2.265160344
-22.36921286,921.2629838,49.85967534,36919.56469,36.70458328,105.1829271,78.28785054
-15.3108833,401.8497264,41.08011667,34522.36831,48.87258489,172.9062716,93.90161208
27.80117846,1007.612567,17.08393383,9428.74586,41.3973449,232.9600011,64.38874447
22.80072543,1027.245637,23.97218422,7274.630523,42.00075041,225.7487067,48.01193362
-9.464999844,645.9534598,33.93419801,25282.11335,27.66486023,146.7096148,63.02388164
-27.65176225,642.9808595,48.37808978,38564.60107,47.70713484,299.8683308,15.92318973
3.32227784,990.0508027,37.21817083,34615.58869,27.3341859,246.9862282,11.08661165
26.43508555,582.830171,21.90784934,8036.30962,45.53074723,66.31049062,86.86838075
34.36988878,1085.384015,46.20060567,6153.074612,0.797517616,234.6306171,29.98401971
33.70211739,531.8905916,39.23235388,3395.466831,1.860479241,217.2251705,60.43603226
-36.06485066,636.6774076,35.4629811,4251.862184,37.34985318,74.49600189,36.79513821
22.18349655,862.5770475,4.851861822,15384.88444,46.16054289,201.9405248,39.76040178
-21.75463045,805.9377232,42.48755919,25982.54585,34.37317871,15.71505376,58.89702001
40.6811959,431.9391297,29.65878412,5473.534724,17.69404415,252.2057644,45.31157611
39.17051085,732.4613946,41.74206884,31112.81944,0.055332922,227.0151485,50.1738946
-16.78344617,923.4245482,7.079691874,31889.62581,39.38676382,283.2924427,52.55666641
-13.12960764,999.802012,48.35649902,34617.66839,17.6762651,54.02211996,32.76519975
-45.23073329,612.2427927,13.45854986,20380.79897,16.83573998,195.5328806,66.20181898
30.26074361,749.9447634,7.66387171,20291.62938,16.64761529,82.1167523,37.36693414
27.3267119,445.2569465,10.64480077,21275.03004,45.87811931,90.51274284,8.788563259
40.7672455,514.2140458,37.41606768,36738.46882,27.19930047,57.95615569,32.89653063
-15.48117609,912.159424,5.026292235,18206.29858,13.43635065,154.8928554,19.5984598
-23.01965084,703.9987729,34.27456193,27244.85696,7.54488607,287.4845609,24.64977275
45.55005603,983.9645355,8.967618669,39068.18342,43.51123407,35.99898807,62.27295643
44.90712519,550.7392109,14.3876053,35117.80868,3.979063145,251.0798173,97.14450052
21.86963998,500.9812588,45.0338471,2678.272364,25.54750015,42.11880786,34.58827411
32.34329582,326.6762772,37.11032152,39076.34295,25.85334431,284.952116,79.51747844
41.10598228,524.1717095,23.27250105,3752.666052,3.286422203,199.903045,34.97672542
31.15608748,563.678196,23.79077857,12434.89814,49.70689819,84.76332324,74.65589282
-34.46005824,802.5673153,18.05609346,7108.369342,44.76830346,5.747790064,99.40996073
23.31784718,767.9311263,37.28094821,14952.77424,40.48278817,52.31676691,24.90092511
-18.50831762,869.4245968,10.09515397,34688.67765,14.74845389,173.3216913,38.90773425
-0.691877719,418.2894483,29.76784887,23934.34705,35.55643345,4.948229253,9.818961075
-27.73540358,610.2823045,35.9992865,2379.404223,0.617027954,106.9344173,4.819105643
-15.36519988,495.5855383,42.25139816,13965.87803,17.75360111,90.42201229,86.73117216
12.47694074,895.5920188,42.38122051,19672.11615,5.240945922,160.2560786,19.396622
-2.273833862,463.7092759,30.42444188,38202.0943,2.713828872,298.8177588,92.86598292
14.00393056,803.9642244,41.0628561,39033.58816,38.3642086,272.2321674,43.43034015
5.034892669,728.0902522,47.17909144,28548.68699,41.33072084,123.5393376,52.88335359
11.77836666,669.6767556,7.611769222,39109.79479,21.14619286,253.0254327,89.55433833
-26.82979073,711.1086405,38.31164876,11742.66618,46.35302998,204.6950293,49.26024511
-7.774045508,910.3674974,38.91932376,1922.429934,37.88982695,6.913533233,63.79655499
29.35085627,813.0450005,22.16735556,1250.624114,15.57722283,203.2425755,25.28943822
47.59616457,708.5320982,12.14753585,15581.71311,4.84790754,149.6798264,46.88687201
21.76572169,1064.003773,10.72237218,11366.78812,30.11648847,179.825095,43.09870648
-29.35197071,655.519683,18.82599121,13055.76145,5.134146815,275.3582408,75.62620023
-10.74612933,946.5131654,5.960233981,1428.487517,49.10631091,155.898174,81.46715072
29.52856994,311.5921324,33.67663873,29513.1512,45.17650577,179.2809825,54.90745113
40.67671144,514.8240486,9.111267445,36903.48247,4.192618775,283.7018381,52.21300766
-10.76975528,1014.933462,10.96115401,2556.620356,23.29983315,99.15398018,13.61327182
-31.93103776,613.176788,15.01248103,22628.65852,34.07075292,189.3819725,85.9021616
1.643951029,959.4264143,11.87539179,6750.055831,29.52468762,101.2825474,52.39587457
-46.13098857,1022.22585,22.98186971,7688.417875,3.475356788,245.9684279,8.275653858
47.91130342,698.3915197,4.382803176,26179.46901,8.323356626,30.85410225,58.42283883
41.14055578,416.2506219,28.36526376,13860.54722,1.283084739,5.455504102,96.79041132
-29.56776838,517.7107549,16.56079324,5916.811849,39.87868578,3.385988806,12.51114044
-0.248990226,641.3290843,8.47953265,31362.13937,47.00707034,107.4961503,81.59564098
-26.06685839,1000.437491,46.34347772,15846.60169,22.09003131,252.8056019,73.88830663
-30.03762136,982.4602432,32.36437349,25592.54676,23.26380222,279.7261857,60.06748334
28.5773051,399.7297171,26.56200111,28473.60119,31.83647495,254.9808769,28.17565352
9.225299145,841.2475089,15.57984482,22533.83996,41.63975671,113.6034553,37.4091977
8.730365865,601.6120857,14.3963162,168.7934671,22.47924708,273.7213034,62.45791016
-42.81576899,817.3653801,22.59361913,25043.36719,34.33857839,59.77670265,59.4862696
-32.7624439,526.966852,16.41182222,32013.55668,47.86173598,165.9463448,65.87947172
9.036284547,356.6369563,17.70877775,19905.49394,34.13437962,41.02934489,74.3478141
-29.20547697,484.2385202,2.304274362,2302.008036,42.64285983,271.5068399,24.91941617
49.44395294,567.8311009,34.99187269,31571.96262,20.98959831,240.7792625,96.5639562
-32.59222969,853.4712355,32.16800044,20333.10962,44.6746313,168.384943,71.41544101
6.973673247,386.5050822,19.15572105,20071.67227,35.63843547,251.2679684,17.52198273
47.51862679,695.3908032,23.17045866,29414.48724,30.40146424,288.496274,18.86196011
47.70047111,788.180397,18.62235422,6213.381484,35.71088983,168.6316192,29.48955974
32.60270082,923.4355524,0.435282154,241.4235656,30.96384463,74.37762069,49.45270632
34.95734751,337.7382468,30.35180215,32057.47236,45.36346066,293.8955555,67.49275533
-2.340748264,556.3906008,8.085362552,16625.5019,18.94448523,189.8384069,63.51216521
8.948967587,414.070572,15.54105895,18301.06996,33.96673006,97.95154045,9.169742732
-29.79060422,340.4272814,49.44033202,17786.18686,45.59183959,2.074811938,4.305580618
12.19043572,1033.743403,30.24706082,16638.27171,16.82462727,226.9054695,36.70030516
-4.226084749,1099.646381,18.78664144,25038.74876,10.99363636,249.3322918,24.47932582
23.17130994,951.7871082,36.73390336,22974.94935,39.16168043,77.49260529,76.93175426
-49.14997707,725.4013672,26.3516226,37752.61219,0.018217699,262.3759073,57.87226241
-16.29089636,447.0464739,42.97078871,7575.663075,35.36712595,291.2538165,90.68225745
9.922604134,381.9909743,44.20760834,7650.376861,28.48954238,191.2291375,4.496952428
-3.480278119,535.1400834,2.923043401,13659.73076,8.11874431,55.41465326,60.81297054
-32.91684432,354.8223303,22.16089766,35296.20713,40.80173279,119.3028594,50.82109668
-15.05928762,1096.372616,22.74369767,36486.97443,5.579816898,98.47656534,76.88083899
-39.49229721,637.0135104,22.64481855,22702.07153,44.28401205,191.9110469,98.24625527
-16.59253383,873.8268637,12.80087503,27482.3037,17.90141853,132.8811061,18.24221589
47.77734105,742.0407156,21.9954691,8427.791024,22.16077165,1.681411274,37.85956254
15.44085674,903.1540582,36.15237136,36457.35756,42.52979115,40.69555318,23.43269532
47.99666985,504.0054396,35.64720043,34262.48974,47.85108606,53.75034793,71.33385114
49.13027626,919.313484,12.25926794,28387.52433,3.800946116,253.4224682,52.81504903
4.462795613,704.7404559,4.325842922,11689.69629,26.7540696,156.4809497,94.45026362
-38.20615173,504.128112,30.10182621,25235.65329,40.27949054,69.58075403,88.24549219
35.00142817,343.2455784,24.93188207,4473.477934,11.48891434,260.2517354,64.4217924
13.33859034,730.5396091,9.974513881,3056.424853,13.37081676,80.56897983,18.27858212
-29.55355325,719.3403117,49.53519841,12188.73746,4.358910209,52.28855343,57.93813664
-18.65500577,583.9486121,30.85516589,26808.68374,36.74751256,158.9637508,23.41708549
-23.16870248,994.0077857,45.18714673,1384.282814,39.03430436,179.5587585,89.20997526
-8.227101992,1024.87827,27.4057415,9732.952181,38.86951247,170.935159,16.8801518
-20.06408408,565.0196574,8.617606921,15581.92647,11.42573669,62.04191242,8.665563355
-12.52056763,1014.92843,8.178313937,18171.2556,45.45909658,255.2557519,40.3821251
-26.81804872,464.8297275,17.07525352,4052.356403,21.84933069,279.473281,92.59312701
-37.02181505,931.0648937,44.01508833,33078.49805,42.51592812,123.6686721,46.37124518
19.84195121,427.2665915,25.95195683,4323.891412,8.762153481,198.3664356,84.37245611
34.38621706,718.1245761,10.30379956,16719.33169,18.18967852,20.72204548,50.21491856
15.80218121,1062.410687,19.61308335,82.89638478,41.01191018,28.12473606,47.53436341
23.654276,624.70947,30.72636763,36962.49409,1.785408618,73.02776618,78.95440934
-14.48729313,996.113878,37.23220112,11192.86246,28.60098325,70.60394176,41.45995698
-30.42944715,305.7328403,35.25164915,15723.33424,14.1449899,215.5035988,69.36151121
-49.24342576,560.7208299,7.440233406,11236.4579,26.76793672,46.86916668,61.86846385
-43.87965934,929.2369097,21.08317295,27463.51701,17.42273024,193.7300427,36.47634938
-43.23297685,318.2778942,25.15384811,36181.03576,33.82913343,39.89001143,30.22138504
-27.22521261,922.7857662,36.07179837,33500.96094,1.562025965,233.5353093,94.1207153
13.91062599,614.9208573,14.6994782,29340.1906,46.20769783,16.83053798,5.932535334
17.86114013,584.7958272,25.73270457,1750.340925,0.820586383,9.325829897,33.93194558
49.05465706,543.9639881,5.591839822,4141.692039,2.66144381,109.88445,23.49206781
38.45193374,301.7431749,47.65911063,8030.380947,35.62192969,185.904178,85.67923672
-16.6186459,837.6216487,44.42587153,1200.993623,45.34442038,67.40580492,10.13506666
20.18892905,660.8679559,33.07200103,20520.27173,7.872690681,245.88145,39.9740642
-4.027554613,378.1965723,4.237595377,18595.44398,35.81556979,253.6447731,44.27770277
-33.71889831,797.581605,23.35384316,19148.21792,16.57653595,55.36432938,62.28904687
-43.18443375,366.5443568,27.40256141,26173.90096,2.609034925,45.28279112,95.14196837
24.49825592,454.0801261,4.666155377,29805.20111,9.800758915,241.2393024,63.47465142
-40.83539529,831.588547,47.35542057,19492.07121,23.83184999,135.2620855,39.58931695
-44.07383569,947.2215285,25.05003898,6623.431636,42.24662701,168.7430078,7.985261936
6.295668172,465.5031667,20.71693898,6623.240045,34.50784639,140.2277118,19.04851393
-42.40430516,956.5527712,24.44325336,23384.50642,20.98489732,58.1718418,57.10734955
-16.88758106,963.3971438,44.66880209,10445.22668,1.496550464,187.7709204,12.41841672
13.51982919,448.4759651,7.732401696,24617.23359,15.18087077,237.8198026,74.33633468
-19.95526916,797.8318902,37.0045978,29986.62188,8.822555191,103.9469588,11.14442258
-10.10705776,367.3955334,3.290086962,4685.707171,34.85144329,196.6828118,54.15660039
-4.292123653,959.7056499,12.61515521,27784.70243,9.242692951,223.5777057,11.86808911
-8.268409024,534.9041248,2.392770796,23627.37793,48.8848332,151.9294975,94.72768121
26.07003646,754.0109371,44.09579983,21480.83486,38.9366142,34.86300792,25.31057663
16.52762315,395.5474726,9.478612658,14172.34438,29.55325195,138.7256907,99.63357697
-31.2446262,787.7824104,19.88977159,36282.11878,18.57511888,299.325178,52.34856573
8.097467502,951.245365,25.0762646,1304.766799,41.77153527,35.48310684,32.04916911
36.74380045,749.6795019,38.97434066,10512.85337,38.78874228,131.6740126,88.88843179
-30.76228678,576.4840195,6.744737977,1768.733658,2.898851999,18.0633161,97.43188618
45.15104532,867.1393888,9.739368119,38559.34529,7.424052121,36.50652711,71.72954089
-7.257796662,482.6761896,30.62633687,6325.56358,24.00414561,195.7043428,11.42478009
-38.93536566,581.516773,48.16666791,13572.90386,43.50015819,145.1846337,37.69655198
-32.62997777,926.5337708,35.28803099,13623.3661,38.45276016,85.2016226,95.57541241
36.06948883,571.0879529,10.02355165,18512.05314,46.78742574,173.9260844,53.34827158
-3.378887051,794.8324638,33.70037236,24271.97054,7.753345982,197.1650345,87.60945008
-19.52978293,1074.510796,17.79735473,929.4647253,3.836170445,19.45458624,79.23069157
-33.68985958,682.3756005,41.04902658,10906.19252,10.8559855,102.5378492,14.68438012
38.18920689,693.1803306,25.32026691,34490.46112,24.40331469,150.4545193,11.26530572
34.07160856,791.3533076,22.20557804,14885.32991,18.59448409,53.65204294,49.76140173
-16.49455038,672.4719569,34.34494721,26232.87394,11.00960103,192.8875238,45.38063312
-2.863667859,390.4163084,49.45093864,6264.489881,0.563817824,189.9202246,69.56766781
-29.11549205,658.1412951,3.385799325,25514.41389,4.666169136,289.4435306,12.55719865
-3.080428611,396.9646492,16.711986,27752.58793,35.36352549,44.95074885,49.5660717
33.71569197,590.1755299,37.29153769,37659.09965,40.71207394,13.0850537,52.17569768
-4.210880185,1034.002988,12.74525008,9232.473055,15.41099656,180.0931221,29.02602612
-41.75225378,960.1449859,1.019324275,34414.76486,49.58816803,148.3248846,71.77958604
37.01696067,1028.623891,28.22978134,11530.41156,42.55973549,142.9913029,66.35704122
48.09301881,618.0724735,43.66606228,3058.335684,10.19956511,266.6424996,0.691864846
28.6392577,649.999245,13.77072432,21359.81374,27.63996394,173.3420493,26.42990288
-40.83904368,740.8251503,19.0357975,11124.2422,20.02695901,148.3919466,18.41053209
-19.59691954,962.8103161,13.9911252,7985.11155,34.40383264,235.7818376,36.10746696
-26.01047544,991.7710161,45.56355458,26999.67402,6.111121414,221.8478558,32.43994672
17.43694877,767.9789777,1.479647325,19372.69433,19.25754271,188.0449249,48.58182828
8.02679074,1098.575498,25.48153355,325.3950117,7.876100294,243.3230921,20.85864081
18.84770869,703.2082807,9.102295998,20939.40701,27.52701726,220.4324546,0.26141563
3.55274006,352.460175,42.59753216,18161.10567,20.89115037,273.0149773,52.43120364
-44.10495197,1008.696872,10.65325111,6082.965556,28.19142488,296.4075684,43.52970995
1.715708107,347.6945823,30.51284658,11747.22035,16.26929228,269.0495221,83.71862717
-8.570396572,344.8402486,16.29075237,9226.903995,33.81560875,175.552681,16.75556322
-13.75370029,523.2283014,17.01977925,31143.129,27.51007405,160.0501637,19.49175531
9.860071536,447.0515849,17.96168424,33424.74104,0.825841389,237.1968114,99.2398089
-20.1434148,731.8167178,1.858542888,25755.81135,48.63176154,54.42102933,85.33003616
-23.00836299,994.5909326,1.977278623,264.5272699,18.11540978,151.8169072,99.75085969
0.675689054,864.2846991,19.01912114,14102.58177,29.20714132,176.0562861,91.3822542
41.73154391,384.8866734,47.01293415,21310.94484,25.07282232,45.44577842,90.38170837
-15.50504253,668.7560513,4.175023915,27769.10877,47.4974488,118.8949574,82.61920301
9.158177738,893.9494583,35.04819744,173.4857711,30.13161028,118.6743019,98.21326107
-24.51991109,902.313543,9.293553998,21841.77546,43.12604033,10.87451465,19.33103237
2.802154592,713.8875361,15.16016907,20363.25074,35.58440093,166.093377,60.45666361
0.776171784,886.9863766,33.43269819,18387.75911,22.43255681,37.00119538,93.01817401
-47.89547334,773.1735495,20.68327507,11671.85627,9.539984381,106.8215148,7.556627687
-5.862704544,586.8064671,27.75544902,2281.769133,30.15826083,61.95264877,88.79658016
-29.33918317,492.7134897,20.75377774,7723.931672,3.893926351,129.7709974,55.1696411
-28.76813444,665.9970154,12.79190666,29732.89713,46.99307072,217.0727038,54.33951687
43.54486723,446.4455046,17.34649216,8473.687244,39.23107158,31.09929959,19.81305106
-2.80343461,706.3355371,0.006593224,14607.5044,23.69040576,199.0638995,12.17101239
-18.28301878,685.7683723,45.03984038,4927.067692,31.18638786,220.8259211,71.27173333
10.02459695,324.0691309,37.61379703,13481.5408,7.936026595,176.7038757,64.71186368
-33.30190996,832.6758107,46.82417784,15464.81843,24.94534687,290.2163724,46.43954718
25.55701082,598.7413504,33.33245308,10204.78931,0.558954824,146.5495902,38.94208795
0.858748419,371.7575184,7.844496361,37150.70676,29.75184105,270.6765497,71.72793069
16.6959764,730.6558034,21.75559662,30374.55698,1.477586392,176.8685616,71.84397334
19.05133885,576.7565522,18.45383106,39173.22811,41.90553995,1.905575131,60.94423325
-27.61604038,454.0121311,20.4961781,14784.48367,45.8875743,172.4520703,92.73129944
-14.96612475,1060.290689,19.80141878,19024.01486,9.92862121,1.552181893,73.80597514
24.44247904,746.9845574,11.79161063,38027.65243,32.94032118,52.40074229,12.26517057
-48.97389486,765.4370729,4.865788539,22969.50372,36.09116804,132.2089589,26.93674759
18.07159813,727.6772881,37.60278768,8865.6654,47.38052773,160.0699966,52.90847887
-24.50699662,1015.227883,17.8381135,14600.2554,43.40338655,164.2756483,67.5189989
-7.470729266,496.1148463,29.33257518,38828.61261,35.56432765,281.5484409,79.04243501
-21.30944194,985.8721232,32.72704752,13537.18297,33.8331888,199.1656986,10.3671464
49.53348093,417.6222722,49.27726402,18934.19867,15.38382401,43.2949571,58.30066955
20.98550277,493.445282,35.49847231,14338.25988,18.23146157,86.47815407,54.02263609
-18.56437715,630.4623708,39.60234968,27726.29742,42.09940703,96.95704349,62.88574982
10.25973735,1089.075919,39.73027223,13927.3625,19.3277079,265.6017511,52.48868246
6.508097376,1063.587711,36.26506273,7697.771049,19.28813388,108.9937398,63.2985804
-26.56898406,498.823068,43.3408026,14276.18367,40.45415502,12.98042008,35.74975304
-27.41222923,1028.773459,40.9526092,37891.1018,11.72548167,155.9639465,63.83200095
12.42994349,844.8293177,19.29474025,22016.55489,7.176494602,134.7872683,96.23166973
23.98525615,507.7874295,47.48030974,18263.49089,13.2045656,18.42665229,20.75761591
2.679815614,612.196072,36.57541266,34958.04082,8.419855262,257.5999137,75.0417073
39.29610931,371.2641459,46.2007214,7675.050788,42.96205825,161.4551701,83.76681526
-25.14234005,514.7637597,31.15813324,34659.98854,11.90473683,201.0266161,94.4749883
19.60918725,632.1669877,7.308236249,31508.55613,19.78869148,240.1129933,60.31188932
-41.77428135,758.1869539,23.92987008,732.1338043,37.5167953,156.68704,19.97264055
-48.62522033,823.9721776,7.4790806,17817.84237,2.060427903,6.379536206,60.55460823
-48.46007973,423.1237093,5.091181577,24547.72269,21.67876957,93.1511413,94.55218593
47.89582034,860.2416117,6.041269615,37144.87606,34.27929814,247.8927795,8.531571172
19.85161754,594.3254699,16.87368588,36615.00216,26.71674984,51.79951317,28.638141
-38.33648551,503.9617081,41.29086149,29024.27597,41.34957093,210.8578043,20.18577837
-6.426059646,899.7811933,10.25279402,26859.00551,4.299857048,156.2524868,84.06914905
-6.905044719,723.3009749,35.94204881,28764.44485,49.0821401,18.04385649,89.17495933
-30.43843656,414.7557284,2.920864943,38570.15134,35.54169382,263.2933389,21.40458181
27.68533835,927.6188465,28.5590367,17424.66437,7.002393037,223.1747793,88.59243053
-36.30367821,998.4291303,13.49409109,38663.31538,49.23082549,283.2982049,77.39260307
7.537987247,690.7437128,33.85100599,6538.983107,5.071369072,259.7453371,1.268425163
-39.77621239,868.442606,31.77117814,28742.17898,38.26634565,292.5429292,61.6164706
-0.56380369,880.7150094,1.14862306,32872.91916,23.33684278,137.0355652,86.58482239
24.60114947,967.6862841,33.76178279,10385.02043,33.78501821,119.3551721,14.94718867
41.92488515,574.5747425,40.49966122,13038.12849,45.21039531,3.941321643,81.73107526
8.424847878,754.9889644,17.41062592,32577.47014,26.90218689,69.41212759,60.9932192
-13.43619746,979.7025001,2.146874166,21140.73597,37.16526353,40.99985763,97.71048454
40.40400235,887.9983614,5.90100418,10592.8563,7.579532198,113.2624881,4.54228526
0.430955434,309.9639242,15.79075445,4172.907849,23.93975828,85.22281073,65.66722365
-36.17418022,431.9473134,18.85030968,6784.730464,18.27502002,292.2067471,42.87096899
8.922052729,425.2245485,42.95712951,39183.58195,31.47875703,259.2771256,46.65760327
-47.95694127,363.7900627,34.30187087,39029.62742,46.46589827,18.13253393,23.1002078
24.13505031,341.0995496,43.28383186,29139.62971,35.96764393,155.8086717,76.0374114
34.39944019,461.2456072,13.42439353,4150.786369,28.71480296,110.5635045,5.992225728
41.25826919,767.6676646,32.09155464,14859.17724,31.62820049,175.0431545,19.31706674
-43.41818943,727.0797986,20.27480973,24392.90263,45.64595369,217.8328795,38.78754201
28.52186025,384.3311986,25.21039656,25538.327,44.45140656,236.1231301,58.23472632
-38.46691381,837.1866125,37.59838112,23333.36517,42.98511157,290.4951007,57.41922621
-35.65159094,537.2454757,11.14701141,16207.30523,15.42192201,88.84429512,12.05688799
-23.04014224,335.2568812,36.85070986,9057.043332,32.37814054,146.2594759,96.47952462
-21.31157665,896.2708386,12.12094942,11446.03387,35.39302657,275.457518,60.01911232
-40.35438628,964.7579786,31.61312839,27918.36621,14.53301095,261.4471184,78.74036927
46.62059192,1034.205091,31.34987138,32839.67061,49.09649639,11.33053356,9.986142394
30.88687518,908.5246857,2.120962189,28743.87094,21.60487599,145.4760146,83.64784745
-36.03576718,481.1475877,45.3569261,4988.345197,19.03394903,60.39531168,35.00308896
28.49285316,403.3239116,24.11507641,1289.405296,3.638904851,66.91671821,4.929694369
-2.649746354,1067.044703,17.3870361,8644.87028,48.05016525,221.123192,55.37052965
34.4976775,607.8913953,1.572100957,21302.44436,46.67223242,132.4438893,53.73844741
27.81041214,390.297393,14.35043918,11272.68232,38.0605374,209.978572,35.43889506
-13.55241499,432.7206691,9.590108513,18480.30581,29.71305118,298.0087348,83.21811936
8.774361272,704.3268238,11.93377866,27522.07355,12.19426179,197.1701241,79.1928053
-41.51180366,877.7044747,22.88578694,31199.37927,33.15992749,239.1345662,54.21572778
36.65219614,628.3581483,9.142811283,32001.70525,2.400926095,148.3060682,71.01092691
31.85055072,666.1368731,21.834217,30830.93061,47.80944465,26.89848154,46.0676206
-41.97313208,355.6234005,43.41838876,1118.039074,33.09531493,53.2938038,16.0815296
-8.683897763,320.9150671,21.45497285,27188.8742,11.49198441,70.08146098,9.966145558
-46.77535865,563.214499,33.52114873,11989.83609,6.211155391,106.2891731,96.33682965
30.2580156,325.5424054,20.32062484,18769.17066,46.22684102,99.77096207,93.3552425
-30.75544683,831.5972819,4.945229667,36226.29304,44.48506581,75.64119913,18.18273796
17.29311001,779.2419897,17.08906383,11439.82205,26.768521,278.3554796,42.20318033
-13.14959851,375.6372864,1.440440791,16383.46616,16.7684361,189.6310558,10.17934943
12.63741978,602.6966281,37.35956051,22586.34735,0.323099825,80.83439643,71.75433727
-17.80210877,717.5116819,39.75144857,1820.753923,30.04755281,205.9034063,32.71749354
-44.37914698,998.4243977,39.99356611,35999.86977,15.62460973,192.248208,75.80377049
-6.2292112,803.1677419,15.84370692,38395.23182,26.78668431,237.9000788,86.33508915
-31.6535548,1045.596379,0.355878176,24663.60417,22.63039741,176.8614458,19.99381516
-32.85845595,536.1313779,25.38963087,415.1649303,26.12086662,45.87910685,87.79981434
30.19748383,675.2618317,8.052346248,2661.71369,29.16721999,153.6658473,24.39042203
-25.22164938,415.8833152,5.248131159,6642.298167,42.21629193,17.5345946,94.18176333
-46.90851661,541.4346021,41.66190037,26300.45678,15.57101477,198.1527265,88.23384738
40.17765112,720.4554181,45.87800219,24721.64682,30.73152474,120.1454713,38.87359994
-31.38176201,689.2188599,21.57741595,28739.01889,48.14029013,268.9141827,32.55904432
-22.04476384,820.6024998,47.65032822,18680.29757,49.59536466,287.0700792,85.93534753
28.62681695,489.8827567,8.468411011,2357.743152,17.00847022,223.2291796,93.02834584
-44.31502743,479.1898812,23.60931632,16144.40043,22.02399686,244.7673637,82.37884993
-36.6841113,1087.182995,21.35427898,8096.233187,29.3742672,157.2516267,2.633484931
-14.50849806,599.806148,48.64959384,14414.58883,4.328537233,198.2641811,48.26246299
1.861110881,536.616639,47.89258103,39361.7169,14.47216929,155.1311827,55.90610414
-34.864124,734.9132572,16.64534023,6883.799053,33.02401942,49.46946348,76.18958673
-23.85020398,829.2148519,21.76783608,9298.290517,7.116181724,219.1967667,99.69899267
-27.23725068,947.1878622,5.020364924,23573.04352,33.84669827,258.2374728,13.61302375
49.55421018,767.299869,43.017007,28838.48845,19.47661143,295.0477091,0.472842538
46.2291192,1065.965912,44.22623531,38742.31596,29.4172019,37.25805623,8.565131361
-46.73835297,477.7597315,12.74143727,3136.096113,10.27143964,5.586057829,99.14603644
-14.370468,925.5277954,6.690708557,30482.91191,43.7079426,16.14085734,91.41131569
48.36748264,726.6121597,41.53005879,23586.52853,13.99870093,273.1630292,54.98533972
0.099683475,1040.112804,20.98207156,32290.20176,3.327095884,211.0539205,43.32806875
-42.45949459,445.0096877,10.65211205,31157.96898,3.313294584,89.20768838,74.96023386
10.33362058,374.7781521,23.69278682,14337.74783,39.6974099,291.7767759,80.45465962
24.2366107,648.5360879,6.929680505,16969.93675,39.62906445,192.8111474,64.56610533
-46.82278643,938.1916379,20.54473483,17023.33801,11.4333019,290.8582781,10.66632431
-8.877624374,329.0053097,15.96011876,9270.501796,43.65689528,115.4726721,88.52221897
23.1248204,470.607739,4.307506053,18013.67549,43.52469513,19.54011583,0.518186704
10.83110895,574.0937887,9.778323017,29484.22154,39.37205452,87.07714245,64.6952543
-1.93925861,1088.005429,35.32211908,28265.61428,13.40214146,67.34762146,20.12742622
18.31156744,560.2108509,37.73185411,4514.159337,30.44747966,154.2218895,79.42417026
12.25309701,1082.851284,36.41420043,30412.33455,36.03229305,55.95564029,27.61662722
-48.47231949,389.2999969,39.56975478,29300.54086,24.98951117,102.9403105,84.49956355
24.49516528,838.3841116,46.57858468,4601.051792,23.95026237,258.6611896,91.07025273
16.40468343,893.5721158,14.37564735,11205.26927,22.11671003,62.95873239,24.65181252
-7.431051444,910.4586468,10.80222831,32357.80651,4.197073223,204.4153967,35.33558922
24.66512497,471.7132082,49.93210445,5949.72422,3.8712442,103.7345998,20.72254356
-24.77247202,559.8036804,40.60778718,28469.26899,8.108062621,223.9793064,64.26608297
1.797648044,944.0439797,41.50355023,14715.36525,15.53115056,141.3103848,6.42513358
-37.1026975,369.9853069,32.39580882,14567.95601,19.80614416,53.57340741,33.93720152
-8.953557109,667.2614956,42.86655769,23173.82171,15.88655675,36.85380572,19.17948686
24.86121856,500.6927589,17.44695209,7199.456299,41.10216999,117.5790529,55.37993879
33.17564036,989.109754,0.69802033,7296.294301,32.33330006,216.8862344,68.19085631
13.16637233,545.1192305,42.07201733,1926.830805,1.651816373,166.414974,27.67497895
21.42525298,332.693143,28.2804094,3593.451951,44.89074135,175.9681348,90.73029074
1.409834429,1082.428217,20.1170988,5617.136301,41.5074772,108.0054634,73.24334624
-40.9398194,785.1517619,40.569209,33279.71781,49.95593991,149.9092867,31.91958481
-33.77736066,383.886579,42.53056984,35911.22295,38.76441527,207.8112882,37.43279607
-47.5958697,389.7494406,21.8572301,15838.94953,35.84528373,107.9138928,89.15826483
27.21713852,324.2710016,47.84697625,7764.184553,4.180908085,230.0585186,58.50302494
-29.18851794,1028.905123,9.392825297,4841.756934,44.942868,119.8535818,75.19255045
-27.94507897,367.5708779,28.70043941,27019.04715,40.14452524,14.98290897,66.79732955
22.82146278,312.4769977,30.52620502,22340.59849,19.5473401,25.50136476,25.55750949
-43.08260716,634.7284145,2.44524222,5554.623379,35.50035785,191.4546676,97.14277125
2.102375916,1083.460051,8.823270436,29049.01801,6.217935308,144.1545456,7.907654264
29.63949479,792.8592703,13.40165617,6599.70672,18.64160254,163.5438818,18.14371786
12.73410657,1045.349082,45.49654992,24888.6151,37.63450518,282.7137965,51.79380976
-6.674849487,592.0042815,15.09646086,19887.01135,6.76536196,292.7368268,74.68337017
19.30022306,577.7668984,38.28817417,31075.58197,33.34937596,223.2201776,32.10718754
-29.32842827,386.3786463,19.7880598,25151.11569,16.13638815,186.7628941,25.57625722
35.23204408,835.6546103,12.92460415,456.6485946,24.18710526,35.96812249,14.26957347
-24.88506867,1027.527268,30.79354055,7116.198177,41.28478491,27.56260274,59.56790204
46.18833493,365.9573009,48.85425677,30537.63748,30.82589496,212.7307864,89.51264342
-22.36012565,746.0600028,40.58442413,13446.38701,23.19806323,171.065012,30.75583663
-2.986638334,1021.522068,14.73845937,3710.235415,48.91886323,198.5531601,47.89287955
17.84671359,759.0937854,3.866416872,16860.32048,7.922444181,38.69976985,53.92803407
-22.49278795,427.7524884,15.24200943,15424.56908,6.541198027,270.5409597,92.43315891
-38.44649787,484.9877346,44.02045063,775.3480514,49.25815566,71.45567923,86.48937519
38.15089985,601.2411744,34.43734727,13556.60894,35.82769187,208.4417965,45.28591882
-49.45499527,765.8241092,19.10733718,34495.8984,20.13153533,75.55895103,55.51119958
-25.48907725,841.7297123,6.225127807,18175.76969,8.918761679,44.87224133,82.20087934
21.54579649,839.2980071,13.87665963,39474.08099,23.64285547,96.60875548,32.23356848
-43.44995941,407.7349854,17.54935164,21792.76492,47.86598677,104.0560527,57.03266361
0.393422063,1097.014316,6.917538601,12268.60173,48.26946045,127.851528,61.53233161
16.89438826,933.2615956,39.70730978,29540.40672,40.27478236,235.9738585,47.36468158
48.29076862,589.6030546,24.50411587,3929.801437,19.73932794,150.9551986,73.33657121
29.5392501,697.7508338,36.78850038,8260.132365,19.04733529,206.16386,27.08745974
-21.11843499,655.4206816,48.01977215,2529.491101,23.62840515,71.26927956,64.31338144
16.20681339,837.4682417,42.00517695,1998.621587,42.4878724,148.0683492,44.24941765
8.473010598,396.9713415,35.39072893,16228.03153,33.47022739,129.2532847,72.89536753
31.95027016,515.8822366,18.61707007,817.6936315,44.67619906,34.02995242,33.40919275
19.12981002,480.9746474,11.73415841,12263.76406,28.2073115,105.5697445,31.73563144
21.77659961,318.0359191,18.07822658,13824.32686,14.89850532,36.95297777,15.86191183
1.021124913,931.2867571,16.98650977,35292.36528,32.64635934,264.1553466,34.99593844
-36.49098552,536.6092964,45.54786654,35829.63341,46.45396358,46.87749583,80.02799509
-41.216015,434.0164771,21.50292699,35354.86457,6.982054863,152.3321354,19.45305646
-23.12268585,715.2945511,27.68857315,31548.87071,31.55210665,286.9731368,68.0406455
-7.950799135,874.9856283,5.118867514,33550.73148,39.59931054,132.1454382,16.49521661
18.29832258,767.4300984,15.09417369,36149.45326,29.84310336,144.8248949,17.70959202
-35.98550618,977.655745,7.50925451,33405.03546,5.400460961,26.60796976,63.03469083
41.27920068,567.236846,39.43145475,17104.41167,43.93167924,289.5902942,40.85936394
32.25743683,644.5920043,31.86858733,13652.66461,48.29936337,256.354676,7.635703646
46.38259073,482.3081386,19.45549356,3894.746578,26.28814093,130.0862277,0.648748728
-28.84399567,1006.239114,35.42744488,17573.40749,5.909644701,168.7903987,29.62818139
-12.83388694,1044.87602,44.11067736,6426.150524,13.19710131,114.1946935,17.76362507
-14.72887111,572.7112072,38.2451496,17016.47052,38.50928832,234.9760573,42.66729699
33.28220265,979.0517758,38.94806483,8780.337419,46.41384332,24.63732529,83.45406263
-23.73777062,676.135422,36.54904008,1590.750372,40.21848775,194.2652902,16.92438202
12.15042735,643.8695056,11.23242387,23986.19121,6.604756809,213.1736488,29.66990487
5.910546165,518.8213928,25.4059066,16912.87831,36.13880056,84.67011895,53.80608229
-35.11267331,944.0061144,46.5687855,33252.88053,24.77654924,227.0493771,43.79545237
-5.063508617,521.8244999,9.521992974,6904.305718,31.06150106,80.61428932,54.77546354
-30.74599039,431.7234746,2.557808421,7904.753809,18.8892419,42.76500347,2.265502578
-21.99530504,535.7668818,18.69013599,28649.7735,29.47362476,130.4415125,74.84424063
-0.662079139,894.6374344,23.08312003,17340.31102,37.57833359,100.2626035,71.20862236
-18.92913958,773.0608523,33.72387379,19525.15072,21.46528999,132.6715522,82.91478116
15.5132652,837.0934838,11.43832876,3464.974787,4.130870008,297.4669472,4.885563167
-25.41267087,407.9456686,26.56366327,13146.61744,35.72116843,138.4385274,29.9413829
-37.25090075,783.1893739,42.61863206,8597.001229,39.76092899,145.8078273,31.98433753
-35.59537649,801.9574103,49.63728092,4361.765799,3.21837649,283.0684539,88.84363098
-24.56149482,984.9201877,7.948022562,5698.658783,17.43872239,233.4738707,71.72093264
-15.9339757,961.629491,19.86253239,22854.9324,8.5571487,284.3623694,42.29697726
34.14272914,389.5187471,46.80641854,2088.54446,30.49269751,117.0909388,83.30900608
-12.73683843,959.4630643,35.55503009,25359.28013,5.85373695,109.8992661,66.48334933
-21.80252813,855.5498055,47.13794797,10659.29745,36.07400248,51.34552195,79.50390867
33.96468334,1051.059639,5.778462933,18859.54104,38.8574348,126.2652202,52.64002733
46.22153649,984.3306837,20.05918819,39461.3266,3.915297769,177.9797083,28.9936459
-37.46076522,518.205299,48.90808812,5153.649686,16.89293504,267.7501779,84.01731363
-18.9917514,605.8435746,32.40590328,18989.05588,8.165700019,185.4977888,67.34337114
-13.84692572,464.1249287,23.17002999,33648.2245,13.85008258,174.0616981,86.96247135
36.25468654,380.7605246,49.01246287,31970.46132,14.07788693,48.00730214,60.92821358
46.59919005,635.193323,26.01705095,1430.666733,45.29703742,134.0777823,52.07368904
-7.295767312,844.7624968,36.97451741,30453.42337,43.85814806,66.06306414,39.624652
34.98613338,659.7419177,16.94849926,24849.44797,45.77455129,253.8202415,32.93769309
-23.32707396,985.4940643,32.40539804,21381.67959,16.8760345,113.4026643,49.99592416
10.07050042,944.5461644,48.02212215,6505.086742,19.41719218,196.9680909,9.549358067
19.32742595,898.962063,14.11770429,38656.22637,13.50721436,243.7554182,37.27684791
-46.47780006,925.7885401,31.58555466,19780.94786,14.38776616,267.8673043,72.98492628
21.46676988,736.4829947,46.69463888,23001.04173,19.70754334,200.0419093,85.54580239
43.9238505,314.2215834,31.59853254,18913.80442,29.38832442,107.2411773,30.45422753
38.83773638,586.5070746,28.27679857,3082.289675,33.02594705,211.9829049,76.92184809
12.3435483,572.3635969,30.60022996,2529.114108,34.57711429,88.38973467,34.70705842
42.46826549,638.6797372,12.41095672,9165.014254,32.11931289,280.7622004,65.89809044
10.44808133,472.7965957,22.07733845,30749.12846,45.5045612,230.050989,49.2567306
-22.49012418,1011.775348,33.72617104,10917.82409,36.44561712,117.9058141,95.78956629
-41.77343573,856.1162855,37.96173661,38768.78099,21.61031251,277.9495751,74.83260078
11.24398098,527.5887413,16.41555336,4851.226833,25.1323701,269.1363602,57.88015716
-5.001913437,889.0312344,44.17677715,28846.57535,7.136742055,159.1910557,60.00978431
10.07611708,846.0621424,35.25362612,165.9942241,29.7842599,77.928926,77.35081491
17.69334741,764.6676095,40.75720567,11457.15225,37.44235954,259.1725148,95.73313844
35.69579141,886.1969178,13.17810115,25538.5627,2.203884067,279.6320575,13.93957347
41.55640141,555.7279602,48.26675487,16686.05253,46.94622294,48.84113607,30.3231866
-20.80189833,485.062607,26.28899883,4834.663846,32.47272668,275.1563019,41.49859665
-12.93509093,555.363572,48.60394192,11178.0899,49.10025333,49.30759703,55.69396703
44.47029227,445.1173791,6.252127224,519.3794669,29.46264029,154.8372894,96.7419993
-3.494332334,666.7481511,45.3659218,32312.02124,14.55171353,3.189393805,81.14291462
-43.91137495,877.2906407,33.54122328,31055.70648,18.9060961,291.2214702,31.00985812
-34.48481931,766.2174117,3.651981812,35777.9704,2.231955524,204.5088487,30.20324593
-25.82519282,1017.950855,35.57305802,37883.21095,42.84877353,190.1422702,74.91303114
36.43879583,374.7073893,18.59971349,26111.15783,3.428694321,73.58604136,13.47809607
-0.672878915,1043.934027,36.13419163,29126.77741,25.68118269,279.1383623,18.87358053
-27.24069816,934.7312954,4.03739,19328.57212,3.750249005,264.8165572,62.07535246
26.2350575,935.746365,36.85294737,1795.473074,34.4101031,273.7059953,57.81995228
-6.509964679,694.4600282,40.96321637,16189.93547,44.51122005,268.3820436,84.60726495
-6.784597499,683.3912579,6.660275953,33179.91105,44.27531816,241.9716178,28.27007089
-32.52661136,765.6751044,10.86115836,37139.601,32.27088494,155.9887794,76.2346511
-43.94735538,345.8590467,0.628667849,27745.80015,43.2588395,55.36315973,5.99196407
-34.35203236,346.9948963,40.40189933,23066.46723,30.18530624,288.0470387,87.56592899
-13.67369404,592.2523333,5.568965464,4147.682199,35.22165014,83.01380733,87.35311323
34.06425222,559.7382832,2.816406549,36016.9751,22.71632954,39.79412001,32.54767937
-38.23223714,730.8518385,26.41366048,11721.29359,16.72352578,80.07812186,56.2610679
12.2183027,689.5568843,26.3406038,30877.99571,17.77055444,299.549784,52.52977648
-3.004434204,865.0358443,23.69847765,7682.071719,37.55838386,292.2534176,8.854591853
44.70271285,897.0392963,14.68306051,13722.98686,48.05529445,47.20892828,5.739152411
-14.68148914,965.7069604,47.35010793,23946.21514,6.146288764,117.8030471,59.73588389
-4.701603029,765.1802595,25.76410126,26429.9639,38.80275694,6.911608861,45.08960109
3.949452349,568.8455292,7.34191399,35990.6338,12.60357057,282.7298857,97.80131779
32.84021735,1022.280559,15.72503989,8015.98318,38.83240663,140.1372406,6.088960566
22.21272947,862.6226506,44.90999695,15288.35725,13.12708816,172.2481878,5.403170833
39.39334145,386.2713389,23.45190405,16092.47925,37.34058776,200.6807094,81.77952515
23.27202491,570.2101381,35.14368414,4220.904069,33.30651393,264.389666,46.47580074
-36.15226011,808.9868761,18.42753253,8317.13533,9.3088145,106.5331013,51.83386023
-21.33761308,694.5065714,15.52805112,35948.49462,12.66912006,54.05810536,1.682253275
33.2561983,692.2622363,25.02625148,39220.65025,49.44716463,56.85068807,61.41133959
-6.115418211,727.6205234,7.627104941,5689.604749,28.6277595,280.6248262,62.90511011
41.08178127,413.567769,11.32502318,7060.135493,18.76239784,170.7989988,3.662561654
-28.81942937,366.5806789,1.757914984,16674.372,7.208254736,282.6171747,47.68248779
-42.13122762,832.0576323,38.87777712,39117.44828,24.17577229,258.8112015,42.03116558
22.41527922,478.3860912,18.3918602,26637.18958,7.980052,13.71595484,84.78120077
12.75485218,867.3802009,6.561384622,12500.79629,27.64759355,93.93169489,17.7528427
-19.61284462,375.0236828,33.77758053,33417.22268,7.163214086,249.8244463,68.41038594
16.16398519,504.1337163,1.67682038,39122.78628,44.95909729,240.9756314,54.58277947
41.87528986,431.5817485,43.56324174,17174.27881,9.137954962,205.1024955,16.88809698
-47.69203021,1003.439959,26.48098364,33722.01639,2.303230599,115.3276121,48.02654461
-29.49321318,661.4856435,20.42356382,135.676163,4.00147581,242.8859903,51.64995219
-2.320104725,754.766791,0.85317712,39812.49399,10.8129826,131.8851126,67.38403504
47.58347531,721.8674634,23.35971532,19476.42249,28.46313353,253.6545577,52.23398566
23.23241025,942.5474482,41.22385164,6319.361397,4.99593907,217.0326451,24.62884168
48.80149634,1009.529551,38.7055824,9561.873951,21.65176142,267.7974781,93.02820992
-13.64351031,789.0419057,1.248542381,16065.28873,24.68196416,80.25743904,28.93001876
28.97947104,396.8584877,39.86677518,17276.17804,1.103992541,214.0415034,94.41191585
48.29355008,548.6788325,49.90250508,23234.28168,36.98200271,60.48493617,65.35790758
-46.0596895,861.5302623,30.63014513,34245.62633,24.18551143,89.6282376,89.0778493
41.91215124,666.5095696,6.772231339,33797.08236,43.15527963,6.347071777,30.65965405
17.61688489,356.5786203,18.60456641,16817.63212,4.907552604,209.1471997,62.37877044
-43.29578019,710.7694808,16.9735403,30900.49647,26.53419422,25.13852424,22.86616541
31.20462248,1093.462799,21.6968011,23219.0227,3.910441561,16.65413374,49.67926572
5.830556216,834.7791949,10.14295895,160.3634285,3.415593218,60.59128384,72.49383081
32.53408058,734.9296888,34.59663188,720.2749632,5.841641114,260.1575298,81.28593173
-48.79272825,519.6403115,12.22019491,17974.44448,27.67794829,112.6485755,70.4136574
38.91851226,416.1987447,26.03127481,37549.71744,42.35197959,0.131148474,4.977767229
-43.93094732,1023.123105,34.73083288,21833.46015,28.95149703,217.9320584,35.21875469
10.75857289,891.6506555,37.49483525,4395.156108,41.59604082,236.8776972,82.21577352
-40.16663423,337.4455976,46.76349694,38497.06708,16.14930576,114.2608718,66.7532382
-46.68416797,737.7474886,0.985786274,22305.53445,11.87302127,249.226693,57.25089756
27.64368722,641.1403432,27.684759,17568.52773,45.85936005,227.4726097,44.03633354
31.31926098,366.8670547,20.66815267,10857.64277,14.65633217,155.142786,84.54402922
9.903311999,451.7788194,38.66506951,35534.7881,5.45174334,87.14078382,32.45324405
-39.27578366,787.3517361,39.43446949,25762.3337,27.85680279,91.22589277,95.87748488
0.341773292,370.5581103,26.36900322,7145.683417,47.61881479,157.2173394,75.97003764
3.672385429,1028.158967,22.65711964,29048.99412,45.18352306,1.120118292,15.33774087
38.8661423,838.5268179,4.663916098,6599.229479,29.47430263,228.0713202,15.66146835
34.2262929,428.3463964,10.49315241,9425.721433,14.96246711,43.74113371,16.59628359
18.08788607,306.8369427,47.46535127,24188.36679,10.90848512,57.57785554,91.84481354
